{
    "type": "FeatureCollection",
    "name": "graph",
    "crs": {
        "type": "name",
        "properties": {
            "name": "urn:ogc:def:crs:EPSG::3857"
        }
    },
    "features": [
        {
            "type": "Feature",
            "properties": {
                "id": 0,
                "frame": "map"
            },
            "geometry": {
                "type": "Point",
                "coordinates": [
                    -4.995,
                    -0.491
                ]
            }
        },
        {
            "type": "Feature",
            "properties": {
                "id": 1,
                "frame": "map"
            },
            "geometry": {
                "type": "Point",
                "coordinates": [
                    -4.896,
                    -0.493
                ]
            }
        },
        {
            "type": "Feature",
            "properties": {
                "id": 2,
                "frame": "map"
            },
            "geometry": {
                "type": "Point",
                "coordinates": [
                    -4.796,
                    -0.494
                ]
            }
        },
        {
            "type": "Feature",
            "properties": {
                "id": 3,
                "frame": "map"
            },
            "geometry": {
                "type": "Point",
                "coordinates": [
                    -4.696,
                    -0.496
                ]
            }
        },
        {
            "type": "Feature",
            "properties": {
                "id": 4,
                "frame": "map"
            },
            "geometry": {
                "type": "Point",
                "coordinates": [
                    -4.596,
                    -0.497
                ]
            }
        },
        {
            "type": "Feature",
            "properties": {
                "id": 5,
                "frame": "map"
            },
            "geometry": {
                "type": "Point",
                "coordinates": [
                    -4.496,
                    -0.499
                ]
            }
        },
        {
            "type": "Feature",
            "properties": {
                "id": 6,
                "frame": "map"
            },
            "geometry": {
                "type": "Point",
                "coordinates": [
                    -4.396,
                    -0.5
                ]
            }
        },
        {
            "type": "Feature",
            "properties": {
                "id": 7,
                "frame": "map"
            },
            "geometry": {
                "type": "Point",
                "coordinates": [
                    -4.296,
                    -0.502
                ]
            }
        },
        {
            "type": "Feature",
            "properties": {
                "id": 8,
                "frame": "map"
            },
            "geometry": {
                "type": "Point",
                "coordinates": [
                    -4.196,
                    -0.503
                ]
            }
        },
        {
            "type": "Feature",
            "properties": {
                "id": 9,
                "frame": "map"
            },
            "geometry": {
                "type": "Point",
                "coordinates": [
                    -4.096,
                    -0.505
                ]
            }
        },
        {
            "type": "Feature",
            "properties": {
                "id": 10,
                "frame": "map"
            },
            "geometry": {
                "type": "Point",
                "coordinates": [
                    -3.997,
                    -0.506
                ]
            }
        },
        {
            "type": "Feature",
            "properties": {
                "id": 11,
                "frame": "map"
            },
            "geometry": {
                "type": "Point",
                "coordinates": [
                    -3.897,
                    -0.508
                ]
            }
        },
        {
            "type": "Feature",
            "properties": {
                "id": 12,
                "frame": "map"
            },
            "geometry": {
                "type": "Point",
                "coordinates": [
                    -3.797,
                    -0.509
                ]
            }
        },
        {
            "type": "Feature",
            "properties": {
                "id": 13,
                "frame": "map"
            },
            "geometry": {
                "type": "Point",
                "coordinates": [
                    -3.697,
                    -0.511
                ]
            }
        },
        {
            "type": "Feature",
            "properties": {
                "id": 14,
                "frame": "map"
            },
            "geometry": {
                "type": "Point",
                "coordinates": [
                    -3.597,
                    -0.512
                ]
            }
        },
        {
            "type": "Feature",
            "properties": {
                "id": 15,
                "frame": "map"
            },
            "geometry": {
                "type": "Point",
                "coordinates": [
                    -3.497,
                    -0.514
                ]
            }
        },
        {
            "type": "Feature",
            "properties": {
                "id": 16,
                "frame": "map"
            },
            "geometry": {
                "type": "Point",
                "coordinates": [
                    -3.397,
                    -0.515
                ]
            }
        },
        {
            "type": "Feature",
            "properties": {
                "id": 17,
                "frame": "map"
            },
            "geometry": {
                "type": "Point",
                "coordinates": [
                    -3.297,
                    -0.517
                ]
            }
        },
        {
            "type": "Feature",
            "properties": {
                "id": 18,
                "frame": "map"
            },
            "geometry": {
                "type": "Point",
                "coordinates": [
                    -3.197,
                    -0.518
                ]
            }
        },
        {
            "type": "Feature",
            "properties": {
                "id": 19,
                "frame": "map"
            },
            "geometry": {
                "type": "Point",
                "coordinates": [
                    -3.098,
                    -0.52
                ]
            }
        },
        {
            "type": "Feature",
            "properties": {
                "id": 20,
                "frame": "map"
            },
            "geometry": {
                "type": "Point",
                "coordinates": [
                    -2.998,
                    -0.522
                ]
            }
        },
        {
            "type": "Feature",
            "properties": {
                "id": 21,
                "frame": "map"
            },
            "geometry": {
                "type": "Point",
                "coordinates": [
                    -2.898,
                    -0.523
                ]
            }
        },
        {
            "type": "Feature",
            "properties": {
                "id": 22,
                "frame": "map"
            },
            "geometry": {
                "type": "Point",
                "coordinates": [
                    -2.798,
                    -0.525
                ]
            }
        },
        {
            "type": "Feature",
            "properties": {
                "id": 23,
                "frame": "map"
            },
            "geometry": {
                "type": "Point",
                "coordinates": [
                    -2.698,
                    -0.526
                ]
            }
        },
        {
            "type": "Feature",
            "properties": {
                "id": 24,
                "frame": "map"
            },
            "geometry": {
                "type": "Point",
                "coordinates": [
                    -2.598,
                    -0.528
                ]
            }
        },
        {
            "type": "Feature",
            "properties": {
                "id": 25,
                "frame": "map"
            },
            "geometry": {
                "type": "Point",
                "coordinates": [
                    -2.498,
                    -0.529
                ]
            }
        },
        {
            "type": "Feature",
            "properties": {
                "id": 26,
                "frame": "map"
            },
            "geometry": {
                "type": "Point",
                "coordinates": [
                    -2.398,
                    -0.531
                ]
            }
        },
        {
            "type": "Feature",
            "properties": {
                "id": 27,
                "frame": "map"
            },
            "geometry": {
                "type": "Point",
                "coordinates": [
                    -2.299,
                    -0.532
                ]
            }
        },
        {
            "type": "Feature",
            "properties": {
                "id": 28,
                "frame": "map"
            },
            "geometry": {
                "type": "Point",
                "coordinates": [
                    -2.199,
                    -0.534
                ]
            }
        },
        {
            "type": "Feature",
            "properties": {
                "id": 29,
                "frame": "map"
            },
            "geometry": {
                "type": "Point",
                "coordinates": [
                    -2.099,
                    -0.535
                ]
            }
        },
        {
            "type": "Feature",
            "properties": {
                "id": 30,
                "frame": "map"
            },
            "geometry": {
                "type": "Point",
                "coordinates": [
                    -1.999,
                    -0.537
                ]
            }
        },
        {
            "type": "Feature",
            "properties": {
                "id": 31,
                "frame": "map"
            },
            "geometry": {
                "type": "Point",
                "coordinates": [
                    -1.899,
                    -0.538
                ]
            }
        },
        {
            "type": "Feature",
            "properties": {
                "id": 32,
                "frame": "map"
            },
            "geometry": {
                "type": "Point",
                "coordinates": [
                    -1.799,
                    -0.54
                ]
            }
        },
        {
            "type": "Feature",
            "properties": {
                "id": 33,
                "frame": "map"
            },
            "geometry": {
                "type": "Point",
                "coordinates": [
                    -1.699,
                    -0.541
                ]
            }
        },
        {
            "type": "Feature",
            "properties": {
                "id": 34,
                "frame": "map"
            },
            "geometry": {
                "type": "Point",
                "coordinates": [
                    -1.599,
                    -0.543
                ]
            }
        },
        {
            "type": "Feature",
            "properties": {
                "id": 35,
                "frame": "map"
            },
            "geometry": {
                "type": "Point",
                "coordinates": [
                    -1.499,
                    -0.544
                ]
            }
        },
        {
            "type": "Feature",
            "properties": {
                "id": 36,
                "frame": "map"
            },
            "geometry": {
                "type": "Point",
                "coordinates": [
                    -1.4,
                    -0.546
                ]
            }
        },
        {
            "type": "Feature",
            "properties": {
                "id": 37,
                "frame": "map"
            },
            "geometry": {
                "type": "Point",
                "coordinates": [
                    -1.3,
                    -0.547
                ]
            }
        },
        {
            "type": "Feature",
            "properties": {
                "id": 38,
                "frame": "map"
            },
            "geometry": {
                "type": "Point",
                "coordinates": [
                    -1.2,
                    -0.549
                ]
            }
        },
        {
            "type": "Feature",
            "properties": {
                "id": 39,
                "frame": "map"
            },
            "geometry": {
                "type": "Point",
                "coordinates": [
                    -1.1,
                    -0.55
                ]
            }
        },
        {
            "type": "Feature",
            "properties": {
                "id": 40,
                "frame": "map"
            },
            "geometry": {
                "type": "Point",
                "coordinates": [
                    -1.0,
                    -0.552
                ]
            }
        },
        {
            "type": "Feature",
            "properties": {
                "id": 41,
                "frame": "map"
            },
            "geometry": {
                "type": "Point",
                "coordinates": [
                    -0.9,
                    -0.553
                ]
            }
        },
        {
            "type": "Feature",
            "properties": {
                "id": 42,
                "frame": "map"
            },
            "geometry": {
                "type": "Point",
                "coordinates": [
                    -0.8,
                    -0.555
                ]
            }
        },
        {
            "type": "Feature",
            "properties": {
                "id": 43,
                "frame": "map"
            },
            "geometry": {
                "type": "Point",
                "coordinates": [
                    -0.7,
                    -0.556
                ]
            }
        },
        {
            "type": "Feature",
            "properties": {
                "id": 44,
                "frame": "map"
            },
            "geometry": {
                "type": "Point",
                "coordinates": [
                    -0.6,
                    -0.558
                ]
            }
        },
        {
            "type": "Feature",
            "properties": {
                "id": 45,
                "frame": "map"
            },
            "geometry": {
                "type": "Point",
                "coordinates": [
                    -0.501,
                    -0.559
                ]
            }
        },
        {
            "type": "Feature",
            "properties": {
                "id": 46,
                "frame": "map"
            },
            "geometry": {
                "type": "Point",
                "coordinates": [
                    -0.401,
                    -0.561
                ]
            }
        },
        {
            "type": "Feature",
            "properties": {
                "id": 47,
                "frame": "map"
            },
            "geometry": {
                "type": "Point",
                "coordinates": [
                    -0.301,
                    -0.562
                ]
            }
        },
        {
            "type": "Feature",
            "properties": {
                "id": 48,
                "frame": "map"
            },
            "geometry": {
                "type": "Point",
                "coordinates": [
                    -0.201,
                    -0.564
                ]
            }
        },
        {
            "type": "Feature",
            "properties": {
                "id": 49,
                "frame": "map"
            },
            "geometry": {
                "type": "Point",
                "coordinates": [
                    -0.101,
                    -0.565
                ]
            }
        },
        {
            "type": "Feature",
            "properties": {
                "id": 50,
                "frame": "map"
            },
            "geometry": {
                "type": "Point",
                "coordinates": [
                    -0.102,
                    -0.466
                ]
            }
        },
        {
            "type": "Feature",
            "properties": {
                "id": 51,
                "frame": "map"
            },
            "geometry": {
                "type": "Point",
                "coordinates": [
                    -0.104,
                    -0.367
                ]
            }
        },
        {
            "type": "Feature",
            "properties": {
                "id": 52,
                "frame": "map"
            },
            "geometry": {
                "type": "Point",
                "coordinates": [
                    -0.105,
                    -0.268
                ]
            }
        },
        {
            "type": "Feature",
            "properties": {
                "id": 53,
                "frame": "map"
            },
            "geometry": {
                "type": "Point",
                "coordinates": [
                    -0.106,
                    -0.169
                ]
            }
        },
        {
            "type": "Feature",
            "properties": {
                "id": 54,
                "frame": "map"
            },
            "geometry": {
                "type": "Point",
                "coordinates": [
                    -0.108,
                    -0.07
                ]
            }
        },
        {
            "type": "Feature",
            "properties": {
                "id": 55,
                "frame": "map"
            },
            "geometry": {
                "type": "Point",
                "coordinates": [
                    -0.109,
                    0.028
                ]
            }
        },
        {
            "type": "Feature",
            "properties": {
                "id": 56,
                "frame": "map"
            },
            "geometry": {
                "type": "Point",
                "coordinates": [
                    -0.11,
                    0.127
                ]
            }
        },
        {
            "type": "Feature",
            "properties": {
                "id": 57,
                "frame": "map"
            },
            "geometry": {
                "type": "Point",
                "coordinates": [
                    -0.112,
                    0.226
                ]
            }
        },
        {
            "type": "Feature",
            "properties": {
                "id": 58,
                "frame": "map"
            },
            "geometry": {
                "type": "Point",
                "coordinates": [
                    -0.113,
                    0.325
                ]
            }
        },
        {
            "type": "Feature",
            "properties": {
                "id": 59,
                "frame": "map"
            },
            "geometry": {
                "type": "Point",
                "coordinates": [
                    -0.115,
                    0.424
                ]
            }
        },
        {
            "type": "Feature",
            "properties": {
                "id": 60,
                "frame": "map"
            },
            "geometry": {
                "type": "Point",
                "coordinates": [
                    -0.116,
                    0.524
                ]
            }
        },
        {
            "type": "Feature",
            "properties": {
                "id": 61,
                "frame": "map"
            },
            "geometry": {
                "type": "Point",
                "coordinates": [
                    -0.117,
                    0.623
                ]
            }
        },
        {
            "type": "Feature",
            "properties": {
                "id": 62,
                "frame": "map"
            },
            "geometry": {
                "type": "Point",
                "coordinates": [
                    -0.119,
                    0.722
                ]
            }
        },
        {
            "type": "Feature",
            "properties": {
                "id": 63,
                "frame": "map"
            },
            "geometry": {
                "type": "Point",
                "coordinates": [
                    -0.12,
                    0.821
                ]
            }
        },
        {
            "type": "Feature",
            "properties": {
                "id": 64,
                "frame": "map"
            },
            "geometry": {
                "type": "Point",
                "coordinates": [
                    -0.121,
                    0.92
                ]
            }
        },
        {
            "type": "Feature",
            "properties": {
                "id": 65,
                "frame": "map"
            },
            "geometry": {
                "type": "Point",
                "coordinates": [
                    -0.123,
                    1.019
                ]
            }
        },
        {
            "type": "Feature",
            "properties": {
                "id": 66,
                "frame": "map"
            },
            "geometry": {
                "type": "Point",
                "coordinates": [
                    -0.124,
                    1.118
                ]
            }
        },
        {
            "type": "Feature",
            "properties": {
                "id": 67,
                "frame": "map"
            },
            "geometry": {
                "type": "Point",
                "coordinates": [
                    -0.125,
                    1.217
                ]
            }
        },
        {
            "type": "Feature",
            "properties": {
                "id": 68,
                "frame": "map"
            },
            "geometry": {
                "type": "Point",
                "coordinates": [
                    -0.127,
                    1.316
                ]
            }
        },
        {
            "type": "Feature",
            "properties": {
                "id": 69,
                "frame": "map"
            },
            "geometry": {
                "type": "Point",
                "coordinates": [
                    -0.128,
                    1.415
                ]
            }
        },
        {
            "type": "Feature",
            "properties": {
                "id": 70,
                "frame": "map"
            },
            "geometry": {
                "type": "Point",
                "coordinates": [
                    -0.129,
                    1.514
                ]
            }
        },
        {
            "type": "Feature",
            "properties": {
                "id": 71,
                "frame": "map"
            },
            "geometry": {
                "type": "Point",
                "coordinates": [
                    -0.131,
                    1.614
                ]
            }
        },
        {
            "type": "Feature",
            "properties": {
                "id": 72,
                "frame": "map"
            },
            "geometry": {
                "type": "Point",
                "coordinates": [
                    -0.132,
                    1.713
                ]
            }
        },
        {
            "type": "Feature",
            "properties": {
                "id": 73,
                "frame": "map"
            },
            "geometry": {
                "type": "Point",
                "coordinates": [
                    -0.133,
                    1.812
                ]
            }
        },
        {
            "type": "Feature",
            "properties": {
                "id": 74,
                "frame": "map"
            },
            "geometry": {
                "type": "Point",
                "coordinates": [
                    -0.135,
                    1.911
                ]
            }
        },
        {
            "type": "Feature",
            "properties": {
                "id": 75,
                "frame": "map"
            },
            "geometry": {
                "type": "Point",
                "coordinates": [
                    -0.136,
                    2.01
                ]
            }
        },
        {
            "type": "Feature",
            "properties": {
                "id": 76,
                "frame": "map"
            },
            "geometry": {
                "type": "Point",
                "coordinates": [
                    -0.137,
                    2.109
                ]
            }
        },
        {
            "type": "Feature",
            "properties": {
                "id": 77,
                "frame": "map"
            },
            "geometry": {
                "type": "Point",
                "coordinates": [
                    -0.139,
                    2.208
                ]
            }
        },
        {
            "type": "Feature",
            "properties": {
                "id": 78,
                "frame": "map"
            },
            "geometry": {
                "type": "Point",
                "coordinates": [
                    -0.14,
                    2.307
                ]
            }
        },
        {
            "type": "Feature",
            "properties": {
                "id": 79,
                "frame": "map"
            },
            "geometry": {
                "type": "Point",
                "coordinates": [
                    -0.141,
                    2.406
                ]
            }
        },
        {
            "type": "Feature",
            "properties": {
                "id": 80,
                "frame": "map"
            },
            "geometry": {
                "type": "Point",
                "coordinates": [
                    -0.143,
                    2.505
                ]
            }
        },
        {
            "type": "Feature",
            "properties": {
                "id": 81,
                "frame": "map"
            },
            "geometry": {
                "type": "Point",
                "coordinates": [
                    -0.144,
                    2.604
                ]
            }
        },
        {
            "type": "Feature",
            "properties": {
                "id": 82,
                "frame": "map"
            },
            "geometry": {
                "type": "Point",
                "coordinates": [
                    -0.146,
                    2.704
                ]
            }
        },
        {
            "type": "Feature",
            "properties": {
                "id": 83,
                "frame": "map"
            },
            "geometry": {
                "type": "Point",
                "coordinates": [
                    -0.147,
                    2.803
                ]
            }
        },
        {
            "type": "Feature",
            "properties": {
                "id": 84,
                "frame": "map"
            },
            "geometry": {
                "type": "Point",
                "coordinates": [
                    -0.148,
                    2.902
                ]
            }
        },
        {
            "type": "Feature",
            "properties": {
                "id": 85,
                "frame": "map"
            },
            "geometry": {
                "type": "Point",
                "coordinates": [
                    -0.15,
                    3.001
                ]
            }
        },
        {
            "type": "Feature",
            "properties": {
                "id": 86,
                "frame": "map"
            },
            "geometry": {
                "type": "Point",
                "coordinates": [
                    -0.151,
                    3.1
                ]
            }
        },
        {
            "type": "Feature",
            "properties": {
                "id": 87,
                "frame": "map"
            },
            "geometry": {
                "type": "Point",
                "coordinates": [
                    -0.152,
                    3.199
                ]
            }
        },
        {
            "type": "Feature",
            "properties": {
                "id": 88,
                "frame": "map"
            },
            "geometry": {
                "type": "Point",
                "coordinates": [
                    -0.053,
                    3.199
                ]
            }
        },
        {
            "type": "Feature",
            "properties": {
                "id": 89,
                "frame": "map"
            },
            "geometry": {
                "type": "Point",
                "coordinates": [
                    0.045,
                    3.199
                ]
            }
        },
        {
            "type": "Feature",
            "properties": {
                "id": 90,
                "frame": "map"
            },
            "geometry": {
                "type": "Point",
                "coordinates": [
                    0.144,
                    3.199
                ]
            }
        },
        {
            "type": "Feature",
            "properties": {
                "id": 91,
                "frame": "map"
            },
            "geometry": {
                "type": "Point",
                "coordinates": [
                    0.243,
                    3.198
                ]
            }
        },
        {
            "type": "Feature",
            "properties": {
                "id": 92,
                "frame": "map"
            },
            "geometry": {
                "type": "Point",
                "coordinates": [
                    0.342,
                    3.198
                ]
            }
        },
        {
            "type": "Feature",
            "properties": {
                "id": 93,
                "frame": "map"
            },
            "geometry": {
                "type": "Point",
                "coordinates": [
                    0.441,
                    3.198
                ]
            }
        },
        {
            "type": "Feature",
            "properties": {
                "id": 94,
                "frame": "map"
            },
            "geometry": {
                "type": "Point",
                "coordinates": [
                    0.54,
                    3.198
                ]
            }
        },
        {
            "type": "Feature",
            "properties": {
                "id": 95,
                "frame": "map"
            },
            "geometry": {
                "type": "Point",
                "coordinates": [
                    0.639,
                    3.198
                ]
            }
        },
        {
            "type": "Feature",
            "properties": {
                "id": 96,
                "frame": "map"
            },
            "geometry": {
                "type": "Point",
                "coordinates": [
                    0.738,
                    3.198
                ]
            }
        },
        {
            "type": "Feature",
            "properties": {
                "id": 97,
                "frame": "map"
            },
            "geometry": {
                "type": "Point",
                "coordinates": [
                    0.838,
                    3.198
                ]
            }
        },
        {
            "type": "Feature",
            "properties": {
                "id": 98,
                "frame": "map"
            },
            "geometry": {
                "type": "Point",
                "coordinates": [
                    0.937,
                    3.198
                ]
            }
        },
        {
            "type": "Feature",
            "properties": {
                "id": 99,
                "frame": "map"
            },
            "geometry": {
                "type": "Point",
                "coordinates": [
                    1.036,
                    3.198
                ]
            }
        },
        {
            "type": "Feature",
            "properties": {
                "id": 100,
                "frame": "map"
            },
            "geometry": {
                "type": "Point",
                "coordinates": [
                    1.135,
                    3.197
                ]
            }
        },
        {
            "type": "Feature",
            "properties": {
                "id": 101,
                "frame": "map"
            },
            "geometry": {
                "type": "Point",
                "coordinates": [
                    1.234,
                    3.197
                ]
            }
        },
        {
            "type": "Feature",
            "properties": {
                "id": 102,
                "frame": "map"
            },
            "geometry": {
                "type": "Point",
                "coordinates": [
                    1.333,
                    3.197
                ]
            }
        },
        {
            "type": "Feature",
            "properties": {
                "id": 103,
                "frame": "map"
            },
            "geometry": {
                "type": "Point",
                "coordinates": [
                    1.432,
                    3.197
                ]
            }
        },
        {
            "type": "Feature",
            "properties": {
                "id": 104,
                "frame": "map"
            },
            "geometry": {
                "type": "Point",
                "coordinates": [
                    1.531,
                    3.197
                ]
            }
        },
        {
            "type": "Feature",
            "properties": {
                "id": 105,
                "frame": "map"
            },
            "geometry": {
                "type": "Point",
                "coordinates": [
                    1.63,
                    3.197
                ]
            }
        },
        {
            "type": "Feature",
            "properties": {
                "id": 106,
                "frame": "map"
            },
            "geometry": {
                "type": "Point",
                "coordinates": [
                    1.729,
                    3.197
                ]
            }
        },
        {
            "type": "Feature",
            "properties": {
                "id": 107,
                "frame": "map"
            },
            "geometry": {
                "type": "Point",
                "coordinates": [
                    1.828,
                    3.197
                ]
            }
        },
        {
            "type": "Feature",
            "properties": {
                "id": 108,
                "frame": "map"
            },
            "geometry": {
                "type": "Point",
                "coordinates": [
                    1.927,
                    3.196
                ]
            }
        },
        {
            "type": "Feature",
            "properties": {
                "id": 109,
                "frame": "map"
            },
            "geometry": {
                "type": "Point",
                "coordinates": [
                    2.027,
                    3.196
                ]
            }
        },
        {
            "type": "Feature",
            "properties": {
                "id": 110,
                "frame": "map"
            },
            "geometry": {
                "type": "Point",
                "coordinates": [
                    2.126,
                    3.196
                ]
            }
        },
        {
            "type": "Feature",
            "properties": {
                "id": 111,
                "frame": "map"
            },
            "geometry": {
                "type": "Point",
                "coordinates": [
                    2.225,
                    3.196
                ]
            }
        },
        {
            "type": "Feature",
            "properties": {
                "id": 112,
                "frame": "map"
            },
            "geometry": {
                "type": "Point",
                "coordinates": [
                    2.324,
                    3.196
                ]
            }
        },
        {
            "type": "Feature",
            "properties": {
                "id": 113,
                "frame": "map"
            },
            "geometry": {
                "type": "Point",
                "coordinates": [
                    2.423,
                    3.196
                ]
            }
        },
        {
            "type": "Feature",
            "properties": {
                "id": 114,
                "frame": "map"
            },
            "geometry": {
                "type": "Point",
                "coordinates": [
                    2.522,
                    3.196
                ]
            }
        },
        {
            "type": "Feature",
            "properties": {
                "id": 115,
                "frame": "map"
            },
            "geometry": {
                "type": "Point",
                "coordinates": [
                    2.621,
                    3.196
                ]
            }
        },
        {
            "type": "Feature",
            "properties": {
                "id": 116,
                "frame": "map"
            },
            "geometry": {
                "type": "Point",
                "coordinates": [
                    2.72,
                    3.195
                ]
            }
        },
        {
            "type": "Feature",
            "properties": {
                "id": 117,
                "frame": "map"
            },
            "geometry": {
                "type": "Point",
                "coordinates": [
                    2.819,
                    3.195
                ]
            }
        },
        {
            "type": "Feature",
            "properties": {
                "id": 118,
                "frame": "map"
            },
            "geometry": {
                "type": "Point",
                "coordinates": [
                    2.918,
                    3.195
                ]
            }
        },
        {
            "type": "Feature",
            "properties": {
                "id": 119,
                "frame": "map"
            },
            "geometry": {
                "type": "Point",
                "coordinates": [
                    3.017,
                    3.195
                ]
            }
        },
        {
            "type": "Feature",
            "properties": {
                "id": 120,
                "frame": "map"
            },
            "geometry": {
                "type": "Point",
                "coordinates": [
                    3.116,
                    3.195
                ]
            }
        },
        {
            "type": "Feature",
            "properties": {
                "id": 121,
                "frame": "map"
            },
            "geometry": {
                "type": "Point",
                "coordinates": [
                    3.216,
                    3.195
                ]
            }
        },
        {
            "type": "Feature",
            "properties": {
                "id": 122,
                "frame": "map"
            },
            "geometry": {
                "type": "Point",
                "coordinates": [
                    3.315,
                    3.195
                ]
            }
        },
        {
            "type": "Feature",
            "properties": {
                "id": 123,
                "frame": "map"
            },
            "geometry": {
                "type": "Point",
                "coordinates": [
                    3.414,
                    3.195
                ]
            }
        },
        {
            "type": "Feature",
            "properties": {
                "id": 124,
                "frame": "map"
            },
            "geometry": {
                "type": "Point",
                "coordinates": [
                    3.513,
                    3.194
                ]
            }
        },
        {
            "type": "Feature",
            "properties": {
                "id": 125,
                "frame": "map"
            },
            "geometry": {
                "type": "Point",
                "coordinates": [
                    3.612,
                    3.194
                ]
            }
        },
        {
            "type": "Feature",
            "properties": {
                "id": 126,
                "frame": "map"
            },
            "geometry": {
                "type": "Point",
                "coordinates": [
                    3.711,
                    3.194
                ]
            }
        },
        {
            "type": "Feature",
            "properties": {
                "id": 127,
                "frame": "map"
            },
            "geometry": {
                "type": "Point",
                "coordinates": [
                    3.81,
                    3.194
                ]
            }
        },
        {
            "type": "Feature",
            "properties": {
                "id": 128,
                "frame": "map"
            },
            "geometry": {
                "type": "Point",
                "coordinates": [
                    3.909,
                    3.194
                ]
            }
        },
        {
            "type": "Feature",
            "properties": {
                "id": 129,
                "frame": "map"
            },
            "geometry": {
                "type": "Point",
                "coordinates": [
                    4.008,
                    3.194
                ]
            }
        },
        {
            "type": "Feature",
            "properties": {
                "id": 130,
                "frame": "map"
            },
            "geometry": {
                "type": "Point",
                "coordinates": [
                    4.008,
                    3.096
                ]
            }
        },
        {
            "type": "Feature",
            "properties": {
                "id": 131,
                "frame": "map"
            },
            "geometry": {
                "type": "Point",
                "coordinates": [
                    4.008,
                    2.998
                ]
            }
        },
        {
            "type": "Feature",
            "properties": {
                "id": 132,
                "frame": "map"
            },
            "geometry": {
                "type": "Point",
                "coordinates": [
                    4.008,
                    2.9
                ]
            }
        },
        {
            "type": "Feature",
            "properties": {
                "id": 133,
                "frame": "map"
            },
            "geometry": {
                "type": "Point",
                "coordinates": [
                    4.008,
                    2.802
                ]
            }
        },
        {
            "type": "Feature",
            "properties": {
                "id": 134,
                "frame": "map"
            },
            "geometry": {
                "type": "Point",
                "coordinates": [
                    4.009,
                    2.704
                ]
            }
        },
        {
            "type": "Feature",
            "properties": {
                "id": 135,
                "frame": "map"
            },
            "geometry": {
                "type": "Point",
                "coordinates": [
                    4.009,
                    2.606
                ]
            }
        },
        {
            "type": "Feature",
            "properties": {
                "id": 136,
                "frame": "map"
            },
            "geometry": {
                "type": "Point",
                "coordinates": [
                    4.009,
                    2.508
                ]
            }
        },
        {
            "type": "Feature",
            "properties": {
                "id": 137,
                "frame": "map"
            },
            "geometry": {
                "type": "Point",
                "coordinates": [
                    4.009,
                    2.41
                ]
            }
        },
        {
            "type": "Feature",
            "properties": {
                "id": 138,
                "frame": "map"
            },
            "geometry": {
                "type": "Point",
                "coordinates": [
                    4.009,
                    2.312
                ]
            }
        },
        {
            "type": "Feature",
            "properties": {
                "id": 139,
                "frame": "map"
            },
            "geometry": {
                "type": "Point",
                "coordinates": [
                    4.009,
                    2.214
                ]
            }
        },
        {
            "type": "Feature",
            "properties": {
                "id": 140,
                "frame": "map"
            },
            "geometry": {
                "type": "Point",
                "coordinates": [
                    4.009,
                    2.116
                ]
            }
        },
        {
            "type": "Feature",
            "properties": {
                "id": 141,
                "frame": "map"
            },
            "geometry": {
                "type": "Point",
                "coordinates": [
                    4.009,
                    2.018
                ]
            }
        },
        {
            "type": "Feature",
            "properties": {
                "id": 142,
                "frame": "map"
            },
            "geometry": {
                "type": "Point",
                "coordinates": [
                    4.009,
                    1.92
                ]
            }
        },
        {
            "type": "Feature",
            "properties": {
                "id": 143,
                "frame": "map"
            },
            "geometry": {
                "type": "Point",
                "coordinates": [
                    4.009,
                    1.822
                ]
            }
        },
        {
            "type": "Feature",
            "properties": {
                "id": 144,
                "frame": "map"
            },
            "geometry": {
                "type": "Point",
                "coordinates": [
                    4.009,
                    1.723
                ]
            }
        },
        {
            "type": "Feature",
            "properties": {
                "id": 145,
                "frame": "map"
            },
            "geometry": {
                "type": "Point",
                "coordinates": [
                    4.009,
                    1.625
                ]
            }
        },
        {
            "type": "Feature",
            "properties": {
                "id": 146,
                "frame": "map"
            },
            "geometry": {
                "type": "Point",
                "coordinates": [
                    4.009,
                    1.527
                ]
            }
        },
        {
            "type": "Feature",
            "properties": {
                "id": 147,
                "frame": "map"
            },
            "geometry": {
                "type": "Point",
                "coordinates": [
                    4.009,
                    1.429
                ]
            }
        },
        {
            "type": "Feature",
            "properties": {
                "id": 148,
                "frame": "map"
            },
            "geometry": {
                "type": "Point",
                "coordinates": [
                    4.009,
                    1.331
                ]
            }
        },
        {
            "type": "Feature",
            "properties": {
                "id": 149,
                "frame": "map"
            },
            "geometry": {
                "type": "Point",
                "coordinates": [
                    4.009,
                    1.233
                ]
            }
        },
        {
            "type": "Feature",
            "properties": {
                "id": 150,
                "frame": "map"
            },
            "geometry": {
                "type": "Point",
                "coordinates": [
                    4.01,
                    1.135
                ]
            }
        },
        {
            "type": "Feature",
            "properties": {
                "id": 151,
                "frame": "map"
            },
            "geometry": {
                "type": "Point",
                "coordinates": [
                    4.01,
                    1.037
                ]
            }
        },
        {
            "type": "Feature",
            "properties": {
                "id": 152,
                "frame": "map"
            },
            "geometry": {
                "type": "Point",
                "coordinates": [
                    4.01,
                    0.939
                ]
            }
        },
        {
            "type": "Feature",
            "properties": {
                "id": 153,
                "frame": "map"
            },
            "geometry": {
                "type": "Point",
                "coordinates": [
                    4.01,
                    0.841
                ]
            }
        },
        {
            "type": "Feature",
            "properties": {
                "id": 154,
                "frame": "map"
            },
            "geometry": {
                "type": "Point",
                "coordinates": [
                    4.01,
                    0.743
                ]
            }
        },
        {
            "type": "Feature",
            "properties": {
                "id": 155,
                "frame": "map"
            },
            "geometry": {
                "type": "Point",
                "coordinates": [
                    4.01,
                    0.645
                ]
            }
        },
        {
            "type": "Feature",
            "properties": {
                "id": 156,
                "frame": "map"
            },
            "geometry": {
                "type": "Point",
                "coordinates": [
                    4.01,
                    0.547
                ]
            }
        },
        {
            "type": "Feature",
            "properties": {
                "id": 157,
                "frame": "map"
            },
            "geometry": {
                "type": "Point",
                "coordinates": [
                    4.01,
                    0.449
                ]
            }
        },
        {
            "type": "Feature",
            "properties": {
                "id": 158,
                "frame": "map"
            },
            "geometry": {
                "type": "Point",
                "coordinates": [
                    4.01,
                    0.351
                ]
            }
        },
        {
            "type": "Feature",
            "properties": {
                "id": 159,
                "frame": "map"
            },
            "geometry": {
                "type": "Point",
                "coordinates": [
                    3.911,
                    0.349
                ]
            }
        },
        {
            "type": "Feature",
            "properties": {
                "id": 160,
                "frame": "map"
            },
            "geometry": {
                "type": "Point",
                "coordinates": [
                    3.812,
                    0.347
                ]
            }
        },
        {
            "type": "Feature",
            "properties": {
                "id": 161,
                "frame": "map"
            },
            "geometry": {
                "type": "Point",
                "coordinates": [
                    3.713,
                    0.345
                ]
            }
        },
        {
            "type": "Feature",
            "properties": {
                "id": 162,
                "frame": "map"
            },
            "geometry": {
                "type": "Point",
                "coordinates": [
                    3.614,
                    0.343
                ]
            }
        },
        {
            "type": "Feature",
            "properties": {
                "id": 163,
                "frame": "map"
            },
            "geometry": {
                "type": "Point",
                "coordinates": [
                    3.515,
                    0.341
                ]
            }
        },
        {
            "type": "Feature",
            "properties": {
                "id": 164,
                "frame": "map"
            },
            "geometry": {
                "type": "Point",
                "coordinates": [
                    3.416,
                    0.339
                ]
            }
        },
        {
            "type": "Feature",
            "properties": {
                "id": 165,
                "frame": "map"
            },
            "geometry": {
                "type": "Point",
                "coordinates": [
                    3.317,
                    0.337
                ]
            }
        },
        {
            "type": "Feature",
            "properties": {
                "id": 166,
                "frame": "map"
            },
            "geometry": {
                "type": "Point",
                "coordinates": [
                    3.218,
                    0.335
                ]
            }
        },
        {
            "type": "Feature",
            "properties": {
                "id": 167,
                "frame": "map"
            },
            "geometry": {
                "type": "Point",
                "coordinates": [
                    3.119,
                    0.333
                ]
            }
        },
        {
            "type": "Feature",
            "properties": {
                "id": 168,
                "frame": "map"
            },
            "geometry": {
                "type": "Point",
                "coordinates": [
                    3.02,
                    0.331
                ]
            }
        },
        {
            "type": "Feature",
            "properties": {
                "id": 169,
                "frame": "map"
            },
            "geometry": {
                "type": "Point",
                "coordinates": [
                    2.921,
                    0.329
                ]
            }
        },
        {
            "type": "Feature",
            "properties": {
                "id": 170,
                "frame": "map"
            },
            "geometry": {
                "type": "Point",
                "coordinates": [
                    2.822,
                    0.327
                ]
            }
        },
        {
            "type": "Feature",
            "properties": {
                "id": 171,
                "frame": "map"
            },
            "geometry": {
                "type": "Point",
                "coordinates": [
                    2.723,
                    0.325
                ]
            }
        },
        {
            "type": "Feature",
            "properties": {
                "id": 172,
                "frame": "map"
            },
            "geometry": {
                "type": "Point",
                "coordinates": [
                    2.624,
                    0.323
                ]
            }
        },
        {
            "type": "Feature",
            "properties": {
                "id": 173,
                "frame": "map"
            },
            "geometry": {
                "type": "Point",
                "coordinates": [
                    2.525,
                    0.321
                ]
            }
        },
        {
            "type": "Feature",
            "properties": {
                "id": 174,
                "frame": "map"
            },
            "geometry": {
                "type": "Point",
                "coordinates": [
                    2.426,
                    0.319
                ]
            }
        },
        {
            "type": "Feature",
            "properties": {
                "id": 175,
                "frame": "map"
            },
            "geometry": {
                "type": "Point",
                "coordinates": [
                    2.327,
                    0.317
                ]
            }
        },
        {
            "type": "Feature",
            "properties": {
                "id": 176,
                "frame": "map"
            },
            "geometry": {
                "type": "Point",
                "coordinates": [
                    2.228,
                    0.315
                ]
            }
        },
        {
            "type": "Feature",
            "properties": {
                "id": 177,
                "frame": "map"
            },
            "geometry": {
                "type": "Point",
                "coordinates": [
                    2.129,
                    0.313
                ]
            }
        },
        {
            "type": "Feature",
            "properties": {
                "id": 178,
                "frame": "map"
            },
            "geometry": {
                "type": "Point",
                "coordinates": [
                    2.03,
                    0.311
                ]
            }
        },
        {
            "type": "Feature",
            "properties": {
                "id": 179,
                "frame": "map"
            },
            "geometry": {
                "type": "Point",
                "coordinates": [
                    1.931,
                    0.309
                ]
            }
        },
        {
            "type": "Feature",
            "properties": {
                "id": 180,
                "frame": "map"
            },
            "geometry": {
                "type": "Point",
                "coordinates": [
                    1.832,
                    0.307
                ]
            }
        },
        {
            "type": "Feature",
            "properties": {
                "id": 181,
                "frame": "map"
            },
            "geometry": {
                "type": "Point",
                "coordinates": [
                    1.733,
                    0.305
                ]
            }
        },
        {
            "type": "Feature",
            "properties": {
                "id": 182,
                "frame": "map"
            },
            "geometry": {
                "type": "Point",
                "coordinates": [
                    1.634,
                    0.303
                ]
            }
        },
        {
            "type": "Feature",
            "properties": {
                "id": 183,
                "frame": "map"
            },
            "geometry": {
                "type": "Point",
                "coordinates": [
                    1.535,
                    0.301
                ]
            }
        },
        {
            "type": "Feature",
            "properties": {
                "id": 184,
                "frame": "map"
            },
            "geometry": {
                "type": "Point",
                "coordinates": [
                    1.437,
                    0.299
                ]
            }
        },
        {
            "type": "Feature",
            "properties": {
                "id": 185,
                "frame": "map"
            },
            "geometry": {
                "type": "Point",
                "coordinates": [
                    1.338,
                    0.297
                ]
            }
        },
        {
            "type": "Feature",
            "properties": {
                "id": 186,
                "frame": "map"
            },
            "geometry": {
                "type": "Point",
                "coordinates": [
                    1.239,
                    0.295
                ]
            }
        },
        {
            "type": "Feature",
            "properties": {
                "id": 187,
                "frame": "map"
            },
            "geometry": {
                "type": "Point",
                "coordinates": [
                    1.14,
                    0.293
                ]
            }
        },
        {
            "type": "Feature",
            "properties": {
                "id": 188,
                "frame": "map"
            },
            "geometry": {
                "type": "Point",
                "coordinates": [
                    1.041,
                    0.291
                ]
            }
        },
        {
            "type": "Feature",
            "properties": {
                "id": 189,
                "frame": "map"
            },
            "geometry": {
                "type": "Point",
                "coordinates": [
                    0.942,
                    0.289
                ]
            }
        },
        {
            "type": "Feature",
            "properties": {
                "id": 190,
                "frame": "map"
            },
            "geometry": {
                "type": "Point",
                "coordinates": [
                    0.843,
                    0.287
                ]
            }
        },
        {
            "type": "Feature",
            "properties": {
                "id": 191,
                "frame": "map"
            },
            "geometry": {
                "type": "Point",
                "coordinates": [
                    0.744,
                    0.285
                ]
            }
        },
        {
            "type": "Feature",
            "properties": {
                "id": 192,
                "frame": "map"
            },
            "geometry": {
                "type": "Point",
                "coordinates": [
                    0.645,
                    0.283
                ]
            }
        },
        {
            "type": "Feature",
            "properties": {
                "id": 193,
                "frame": "map"
            },
            "geometry": {
                "type": "Point",
                "coordinates": [
                    0.546,
                    0.281
                ]
            }
        },
        {
            "type": "Feature",
            "properties": {
                "id": 194,
                "frame": "map"
            },
            "geometry": {
                "type": "Point",
                "coordinates": [
                    0.447,
                    0.279
                ]
            }
        },
        {
            "type": "Feature",
            "properties": {
                "id": 195,
                "frame": "map"
            },
            "geometry": {
                "type": "Point",
                "coordinates": [
                    0.348,
                    0.277
                ]
            }
        },
        {
            "type": "Feature",
            "properties": {
                "id": 196,
                "frame": "map"
            },
            "geometry": {
                "type": "Point",
                "coordinates": [
                    0.249,
                    0.275
                ]
            }
        },
        {
            "type": "Feature",
            "properties": {
                "id": 197,
                "frame": "map"
            },
            "geometry": {
                "type": "Point",
                "coordinates": [
                    0.15,
                    0.273
                ]
            }
        },
        {
            "type": "Feature",
            "properties": {
                "id": 198,
                "frame": "map"
            },
            "geometry": {
                "type": "Point",
                "coordinates": [
                    0.051,
                    0.271
                ]
            }
        },
        {
            "type": "Feature",
            "properties": {
                "id": 199,
                "frame": "map"
            },
            "geometry": {
                "type": "Point",
                "coordinates": [
                    -0.047,
                    0.269
                ]
            }
        },
        {
            "type": "Feature",
            "properties": {
                "id": 200,
                "frame": "map"
            },
            "geometry": {
                "type": "Point",
                "coordinates": [
                    -0.046,
                    0.169
                ]
            }
        },
        {
            "type": "Feature",
            "properties": {
                "id": 201,
                "frame": "map"
            },
            "geometry": {
                "type": "Point",
                "coordinates": [
                    -0.044,
                    0.069
                ]
            }
        },
        {
            "type": "Feature",
            "properties": {
                "id": 202,
                "frame": "map"
            },
            "geometry": {
                "type": "Point",
                "coordinates": [
                    -0.043,
                    -0.03
                ]
            }
        },
        {
            "type": "Feature",
            "properties": {
                "id": 203,
                "frame": "map"
            },
            "geometry": {
                "type": "Point",
                "coordinates": [
                    -0.041,
                    -0.13
                ]
            }
        },
        {
            "type": "Feature",
            "properties": {
                "id": 204,
                "frame": "map"
            },
            "geometry": {
                "type": "Point",
                "coordinates": [
                    -0.04,
                    -0.229
                ]
            }
        },
        {
            "type": "Feature",
            "properties": {
                "id": 205,
                "frame": "map"
            },
            "geometry": {
                "type": "Point",
                "coordinates": [
                    -0.038,
                    -0.329
                ]
            }
        },
        {
            "type": "Feature",
            "properties": {
                "id": 206,
                "frame": "map"
            },
            "geometry": {
                "type": "Point",
                "coordinates": [
                    -0.037,
                    -0.429
                ]
            }
        },
        {
            "type": "Feature",
            "properties": {
                "id": 207,
                "frame": "map"
            },
            "geometry": {
                "type": "Point",
                "coordinates": [
                    -0.035,
                    -0.529
                ]
            }
        },
        {
            "type": "Feature",
            "properties": {
                "id": 208,
                "frame": "map"
            },
            "geometry": {
                "type": "Point",
                "coordinates": [
                    -0.034,
                    -0.629
                ]
            }
        },
        {
            "type": "Feature",
            "properties": {
                "id": 209,
                "frame": "map"
            },
            "geometry": {
                "type": "Point",
                "coordinates": [
                    -0.033,
                    -0.729
                ]
            }
        },
        {
            "type": "Feature",
            "properties": {
                "id": 210,
                "frame": "map"
            },
            "geometry": {
                "type": "Point",
                "coordinates": [
                    -0.031,
                    -0.829
                ]
            }
        },
        {
            "type": "Feature",
            "properties": {
                "id": 211,
                "frame": "map"
            },
            "geometry": {
                "type": "Point",
                "coordinates": [
                    -0.03,
                    -0.929
                ]
            }
        },
        {
            "type": "Feature",
            "properties": {
                "id": 212,
                "frame": "map"
            },
            "geometry": {
                "type": "Point",
                "coordinates": [
                    -0.028,
                    -1.029
                ]
            }
        },
        {
            "type": "Feature",
            "properties": {
                "id": 213,
                "frame": "map"
            },
            "geometry": {
                "type": "Point",
                "coordinates": [
                    -0.027,
                    -1.128
                ]
            }
        },
        {
            "type": "Feature",
            "properties": {
                "id": 214,
                "frame": "map"
            },
            "geometry": {
                "type": "Point",
                "coordinates": [
                    -0.025,
                    -1.228
                ]
            }
        },
        {
            "type": "Feature",
            "properties": {
                "id": 215,
                "frame": "map"
            },
            "geometry": {
                "type": "Point",
                "coordinates": [
                    -0.024,
                    -1.328
                ]
            }
        },
        {
            "type": "Feature",
            "properties": {
                "id": 216,
                "frame": "map"
            },
            "geometry": {
                "type": "Point",
                "coordinates": [
                    -0.022,
                    -1.428
                ]
            }
        },
        {
            "type": "Feature",
            "properties": {
                "id": 217,
                "frame": "map"
            },
            "geometry": {
                "type": "Point",
                "coordinates": [
                    -0.021,
                    -1.528
                ]
            }
        },
        {
            "type": "Feature",
            "properties": {
                "id": 218,
                "frame": "map"
            },
            "geometry": {
                "type": "Point",
                "coordinates": [
                    -0.019,
                    -1.628
                ]
            }
        },
        {
            "type": "Feature",
            "properties": {
                "id": 219,
                "frame": "map"
            },
            "geometry": {
                "type": "Point",
                "coordinates": [
                    -0.018,
                    -1.728
                ]
            }
        },
        {
            "type": "Feature",
            "properties": {
                "id": 220,
                "frame": "map"
            },
            "geometry": {
                "type": "Point",
                "coordinates": [
                    -0.016,
                    -1.828
                ]
            }
        },
        {
            "type": "Feature",
            "properties": {
                "id": 221,
                "frame": "map"
            },
            "geometry": {
                "type": "Point",
                "coordinates": [
                    -0.015,
                    -1.928
                ]
            }
        },
        {
            "type": "Feature",
            "properties": {
                "id": 222,
                "frame": "map"
            },
            "geometry": {
                "type": "Point",
                "coordinates": [
                    -0.013,
                    -2.028
                ]
            }
        },
        {
            "type": "Feature",
            "properties": {
                "id": 223,
                "frame": "map"
            },
            "geometry": {
                "type": "Point",
                "coordinates": [
                    -0.012,
                    -2.127
                ]
            }
        },
        {
            "type": "Feature",
            "properties": {
                "id": 224,
                "frame": "map"
            },
            "geometry": {
                "type": "Point",
                "coordinates": [
                    -0.011,
                    -2.227
                ]
            }
        },
        {
            "type": "Feature",
            "properties": {
                "id": 225,
                "frame": "map"
            },
            "geometry": {
                "type": "Point",
                "coordinates": [
                    -0.009,
                    -2.327
                ]
            }
        },
        {
            "type": "Feature",
            "properties": {
                "id": 226,
                "frame": "map"
            },
            "geometry": {
                "type": "Point",
                "coordinates": [
                    -0.008,
                    -2.427
                ]
            }
        },
        {
            "type": "Feature",
            "properties": {
                "id": 227,
                "frame": "map"
            },
            "geometry": {
                "type": "Point",
                "coordinates": [
                    -0.006,
                    -2.527
                ]
            }
        },
        {
            "type": "Feature",
            "properties": {
                "id": 228,
                "frame": "map"
            },
            "geometry": {
                "type": "Point",
                "coordinates": [
                    -0.005,
                    -2.627
                ]
            }
        },
        {
            "type": "Feature",
            "properties": {
                "id": 229,
                "frame": "map"
            },
            "geometry": {
                "type": "Point",
                "coordinates": [
                    -0.003,
                    -2.727
                ]
            }
        },
        {
            "type": "Feature",
            "properties": {
                "id": 230,
                "frame": "map"
            },
            "geometry": {
                "type": "Point",
                "coordinates": [
                    -0.002,
                    -2.827
                ]
            }
        },
        {
            "type": "Feature",
            "properties": {
                "id": 231,
                "frame": "map"
            },
            "geometry": {
                "type": "Point",
                "coordinates": [
                    0.0,
                    -2.927
                ]
            }
        },
        {
            "type": "Feature",
            "properties": {
                "id": 232,
                "frame": "map"
            },
            "geometry": {
                "type": "Point",
                "coordinates": [
                    0.0,
                    -3.026
                ]
            }
        },
        {
            "type": "Feature",
            "properties": {
                "id": 0,
                "startid": 0,
                "endid": 1,
                "weight": 1.0
            },
            "geometry": {
                "type": "MultiLineString",
                "coordinates": [
                    [
                        [
                            -4.995,
                            -0.491
                        ],
                        [
                            -4.896,
                            -0.493
                        ]
                    ]
                ]
            }
        },
        {
            "type": "Feature",
            "properties": {
                "id": 1,
                "startid": 1,
                "endid": 0,
                "weight": 1.0
            },
            "geometry": {
                "type": "MultiLineString",
                "coordinates": [
                    [
                        [
                            -4.896,
                            -0.493
                        ],
                        [
                            -4.995,
                            -0.491
                        ]
                    ]
                ]
            }
        },
        {
            "type": "Feature",
            "properties": {
                "id": 2,
                "startid": 1,
                "endid": 2,
                "weight": 1.0
            },
            "geometry": {
                "type": "MultiLineString",
                "coordinates": [
                    [
                        [
                            -4.896,
                            -0.493
                        ],
                        [
                            -4.796,
                            -0.494
                        ]
                    ]
                ]
            }
        },
        {
            "type": "Feature",
            "properties": {
                "id": 3,
                "startid": 2,
                "endid": 1,
                "weight": 1.0
            },
            "geometry": {
                "type": "MultiLineString",
                "coordinates": [
                    [
                        [
                            -4.796,
                            -0.494
                        ],
                        [
                            -4.896,
                            -0.493
                        ]
                    ]
                ]
            }
        },
        {
            "type": "Feature",
            "properties": {
                "id": 4,
                "startid": 2,
                "endid": 3,
                "weight": 1.0
            },
            "geometry": {
                "type": "MultiLineString",
                "coordinates": [
                    [
                        [
                            -4.796,
                            -0.494
                        ],
                        [
                            -4.696,
                            -0.496
                        ]
                    ]
                ]
            }
        },
        {
            "type": "Feature",
            "properties": {
                "id": 5,
                "startid": 3,
                "endid": 2,
                "weight": 1.0
            },
            "geometry": {
                "type": "MultiLineString",
                "coordinates": [
                    [
                        [
                            -4.696,
                            -0.496
                        ],
                        [
                            -4.796,
                            -0.494
                        ]
                    ]
                ]
            }
        },
        {
            "type": "Feature",
            "properties": {
                "id": 6,
                "startid": 3,
                "endid": 4,
                "weight": 1.0
            },
            "geometry": {
                "type": "MultiLineString",
                "coordinates": [
                    [
                        [
                            -4.696,
                            -0.496
                        ],
                        [
                            -4.596,
                            -0.497
                        ]
                    ]
                ]
            }
        },
        {
            "type": "Feature",
            "properties": {
                "id": 7,
                "startid": 4,
                "endid": 3,
                "weight": 1.0
            },
            "geometry": {
                "type": "MultiLineString",
                "coordinates": [
                    [
                        [
                            -4.596,
                            -0.497
                        ],
                        [
                            -4.696,
                            -0.496
                        ]
                    ]
                ]
            }
        },
        {
            "type": "Feature",
            "properties": {
                "id": 8,
                "startid": 4,
                "endid": 5,
                "weight": 1.0
            },
            "geometry": {
                "type": "MultiLineString",
                "coordinates": [
                    [
                        [
                            -4.596,
                            -0.497
                        ],
                        [
                            -4.496,
                            -0.499
                        ]
                    ]
                ]
            }
        },
        {
            "type": "Feature",
            "properties": {
                "id": 9,
                "startid": 5,
                "endid": 4,
                "weight": 1.0
            },
            "geometry": {
                "type": "MultiLineString",
                "coordinates": [
                    [
                        [
                            -4.496,
                            -0.499
                        ],
                        [
                            -4.596,
                            -0.497
                        ]
                    ]
                ]
            }
        },
        {
            "type": "Feature",
            "properties": {
                "id": 10,
                "startid": 5,
                "endid": 6,
                "weight": 1.0
            },
            "geometry": {
                "type": "MultiLineString",
                "coordinates": [
                    [
                        [
                            -4.496,
                            -0.499
                        ],
                        [
                            -4.396,
                            -0.5
                        ]
                    ]
                ]
            }
        },
        {
            "type": "Feature",
            "properties": {
                "id": 11,
                "startid": 6,
                "endid": 5,
                "weight": 1.0
            },
            "geometry": {
                "type": "MultiLineString",
                "coordinates": [
                    [
                        [
                            -4.396,
                            -0.5
                        ],
                        [
                            -4.496,
                            -0.499
                        ]
                    ]
                ]
            }
        },
        {
            "type": "Feature",
            "properties": {
                "id": 12,
                "startid": 6,
                "endid": 7,
                "weight": 1.0
            },
            "geometry": {
                "type": "MultiLineString",
                "coordinates": [
                    [
                        [
                            -4.396,
                            -0.5
                        ],
                        [
                            -4.296,
                            -0.502
                        ]
                    ]
                ]
            }
        },
        {
            "type": "Feature",
            "properties": {
                "id": 13,
                "startid": 7,
                "endid": 6,
                "weight": 1.0
            },
            "geometry": {
                "type": "MultiLineString",
                "coordinates": [
                    [
                        [
                            -4.296,
                            -0.502
                        ],
                        [
                            -4.396,
                            -0.5
                        ]
                    ]
                ]
            }
        },
        {
            "type": "Feature",
            "properties": {
                "id": 14,
                "startid": 7,
                "endid": 8,
                "weight": 1.0
            },
            "geometry": {
                "type": "MultiLineString",
                "coordinates": [
                    [
                        [
                            -4.296,
                            -0.502
                        ],
                        [
                            -4.196,
                            -0.503
                        ]
                    ]
                ]
            }
        },
        {
            "type": "Feature",
            "properties": {
                "id": 15,
                "startid": 8,
                "endid": 7,
                "weight": 1.0
            },
            "geometry": {
                "type": "MultiLineString",
                "coordinates": [
                    [
                        [
                            -4.196,
                            -0.503
                        ],
                        [
                            -4.296,
                            -0.502
                        ]
                    ]
                ]
            }
        },
        {
            "type": "Feature",
            "properties": {
                "id": 16,
                "startid": 8,
                "endid": 9,
                "weight": 1.0
            },
            "geometry": {
                "type": "MultiLineString",
                "coordinates": [
                    [
                        [
                            -4.196,
                            -0.503
                        ],
                        [
                            -4.096,
                            -0.505
                        ]
                    ]
                ]
            }
        },
        {
            "type": "Feature",
            "properties": {
                "id": 17,
                "startid": 9,
                "endid": 8,
                "weight": 1.0
            },
            "geometry": {
                "type": "MultiLineString",
                "coordinates": [
                    [
                        [
                            -4.096,
                            -0.505
                        ],
                        [
                            -4.196,
                            -0.503
                        ]
                    ]
                ]
            }
        },
        {
            "type": "Feature",
            "properties": {
                "id": 18,
                "startid": 9,
                "endid": 10,
                "weight": 1.0
            },
            "geometry": {
                "type": "MultiLineString",
                "coordinates": [
                    [
                        [
                            -4.096,
                            -0.505
                        ],
                        [
                            -3.997,
                            -0.506
                        ]
                    ]
                ]
            }
        },
        {
            "type": "Feature",
            "properties": {
                "id": 19,
                "startid": 10,
                "endid": 9,
                "weight": 1.0
            },
            "geometry": {
                "type": "MultiLineString",
                "coordinates": [
                    [
                        [
                            -3.997,
                            -0.506
                        ],
                        [
                            -4.096,
                            -0.505
                        ]
                    ]
                ]
            }
        },
        {
            "type": "Feature",
            "properties": {
                "id": 20,
                "startid": 10,
                "endid": 11,
                "weight": 1.0
            },
            "geometry": {
                "type": "MultiLineString",
                "coordinates": [
                    [
                        [
                            -3.997,
                            -0.506
                        ],
                        [
                            -3.897,
                            -0.508
                        ]
                    ]
                ]
            }
        },
        {
            "type": "Feature",
            "properties": {
                "id": 21,
                "startid": 11,
                "endid": 10,
                "weight": 1.0
            },
            "geometry": {
                "type": "MultiLineString",
                "coordinates": [
                    [
                        [
                            -3.897,
                            -0.508
                        ],
                        [
                            -3.997,
                            -0.506
                        ]
                    ]
                ]
            }
        },
        {
            "type": "Feature",
            "properties": {
                "id": 22,
                "startid": 11,
                "endid": 12,
                "weight": 1.0
            },
            "geometry": {
                "type": "MultiLineString",
                "coordinates": [
                    [
                        [
                            -3.897,
                            -0.508
                        ],
                        [
                            -3.797,
                            -0.509
                        ]
                    ]
                ]
            }
        },
        {
            "type": "Feature",
            "properties": {
                "id": 23,
                "startid": 12,
                "endid": 11,
                "weight": 1.0
            },
            "geometry": {
                "type": "MultiLineString",
                "coordinates": [
                    [
                        [
                            -3.797,
                            -0.509
                        ],
                        [
                            -3.897,
                            -0.508
                        ]
                    ]
                ]
            }
        },
        {
            "type": "Feature",
            "properties": {
                "id": 24,
                "startid": 12,
                "endid": 13,
                "weight": 1.0
            },
            "geometry": {
                "type": "MultiLineString",
                "coordinates": [
                    [
                        [
                            -3.797,
                            -0.509
                        ],
                        [
                            -3.697,
                            -0.511
                        ]
                    ]
                ]
            }
        },
        {
            "type": "Feature",
            "properties": {
                "id": 25,
                "startid": 13,
                "endid": 12,
                "weight": 1.0
            },
            "geometry": {
                "type": "MultiLineString",
                "coordinates": [
                    [
                        [
                            -3.697,
                            -0.511
                        ],
                        [
                            -3.797,
                            -0.509
                        ]
                    ]
                ]
            }
        },
        {
            "type": "Feature",
            "properties": {
                "id": 26,
                "startid": 13,
                "endid": 14,
                "weight": 1.0
            },
            "geometry": {
                "type": "MultiLineString",
                "coordinates": [
                    [
                        [
                            -3.697,
                            -0.511
                        ],
                        [
                            -3.597,
                            -0.512
                        ]
                    ]
                ]
            }
        },
        {
            "type": "Feature",
            "properties": {
                "id": 27,
                "startid": 14,
                "endid": 13,
                "weight": 1.0
            },
            "geometry": {
                "type": "MultiLineString",
                "coordinates": [
                    [
                        [
                            -3.597,
                            -0.512
                        ],
                        [
                            -3.697,
                            -0.511
                        ]
                    ]
                ]
            }
        },
        {
            "type": "Feature",
            "properties": {
                "id": 28,
                "startid": 14,
                "endid": 15,
                "weight": 1.0
            },
            "geometry": {
                "type": "MultiLineString",
                "coordinates": [
                    [
                        [
                            -3.597,
                            -0.512
                        ],
                        [
                            -3.497,
                            -0.514
                        ]
                    ]
                ]
            }
        },
        {
            "type": "Feature",
            "properties": {
                "id": 29,
                "startid": 15,
                "endid": 14,
                "weight": 1.0
            },
            "geometry": {
                "type": "MultiLineString",
                "coordinates": [
                    [
                        [
                            -3.497,
                            -0.514
                        ],
                        [
                            -3.597,
                            -0.512
                        ]
                    ]
                ]
            }
        },
        {
            "type": "Feature",
            "properties": {
                "id": 30,
                "startid": 15,
                "endid": 16,
                "weight": 1.0
            },
            "geometry": {
                "type": "MultiLineString",
                "coordinates": [
                    [
                        [
                            -3.497,
                            -0.514
                        ],
                        [
                            -3.397,
                            -0.515
                        ]
                    ]
                ]
            }
        },
        {
            "type": "Feature",
            "properties": {
                "id": 31,
                "startid": 16,
                "endid": 15,
                "weight": 1.0
            },
            "geometry": {
                "type": "MultiLineString",
                "coordinates": [
                    [
                        [
                            -3.397,
                            -0.515
                        ],
                        [
                            -3.497,
                            -0.514
                        ]
                    ]
                ]
            }
        },
        {
            "type": "Feature",
            "properties": {
                "id": 32,
                "startid": 16,
                "endid": 17,
                "weight": 1.0
            },
            "geometry": {
                "type": "MultiLineString",
                "coordinates": [
                    [
                        [
                            -3.397,
                            -0.515
                        ],
                        [
                            -3.297,
                            -0.517
                        ]
                    ]
                ]
            }
        },
        {
            "type": "Feature",
            "properties": {
                "id": 33,
                "startid": 17,
                "endid": 16,
                "weight": 1.0
            },
            "geometry": {
                "type": "MultiLineString",
                "coordinates": [
                    [
                        [
                            -3.297,
                            -0.517
                        ],
                        [
                            -3.397,
                            -0.515
                        ]
                    ]
                ]
            }
        },
        {
            "type": "Feature",
            "properties": {
                "id": 34,
                "startid": 17,
                "endid": 18,
                "weight": 1.0
            },
            "geometry": {
                "type": "MultiLineString",
                "coordinates": [
                    [
                        [
                            -3.297,
                            -0.517
                        ],
                        [
                            -3.197,
                            -0.518
                        ]
                    ]
                ]
            }
        },
        {
            "type": "Feature",
            "properties": {
                "id": 35,
                "startid": 18,
                "endid": 17,
                "weight": 1.0
            },
            "geometry": {
                "type": "MultiLineString",
                "coordinates": [
                    [
                        [
                            -3.197,
                            -0.518
                        ],
                        [
                            -3.297,
                            -0.517
                        ]
                    ]
                ]
            }
        },
        {
            "type": "Feature",
            "properties": {
                "id": 36,
                "startid": 18,
                "endid": 19,
                "weight": 1.0
            },
            "geometry": {
                "type": "MultiLineString",
                "coordinates": [
                    [
                        [
                            -3.197,
                            -0.518
                        ],
                        [
                            -3.098,
                            -0.52
                        ]
                    ]
                ]
            }
        },
        {
            "type": "Feature",
            "properties": {
                "id": 37,
                "startid": 19,
                "endid": 18,
                "weight": 1.0
            },
            "geometry": {
                "type": "MultiLineString",
                "coordinates": [
                    [
                        [
                            -3.098,
                            -0.52
                        ],
                        [
                            -3.197,
                            -0.518
                        ]
                    ]
                ]
            }
        },
        {
            "type": "Feature",
            "properties": {
                "id": 38,
                "startid": 19,
                "endid": 20,
                "weight": 1.0
            },
            "geometry": {
                "type": "MultiLineString",
                "coordinates": [
                    [
                        [
                            -3.098,
                            -0.52
                        ],
                        [
                            -2.998,
                            -0.522
                        ]
                    ]
                ]
            }
        },
        {
            "type": "Feature",
            "properties": {
                "id": 39,
                "startid": 20,
                "endid": 19,
                "weight": 1.0
            },
            "geometry": {
                "type": "MultiLineString",
                "coordinates": [
                    [
                        [
                            -2.998,
                            -0.522
                        ],
                        [
                            -3.098,
                            -0.52
                        ]
                    ]
                ]
            }
        },
        {
            "type": "Feature",
            "properties": {
                "id": 40,
                "startid": 20,
                "endid": 21,
                "weight": 1.0
            },
            "geometry": {
                "type": "MultiLineString",
                "coordinates": [
                    [
                        [
                            -2.998,
                            -0.522
                        ],
                        [
                            -2.898,
                            -0.523
                        ]
                    ]
                ]
            }
        },
        {
            "type": "Feature",
            "properties": {
                "id": 41,
                "startid": 21,
                "endid": 20,
                "weight": 1.0
            },
            "geometry": {
                "type": "MultiLineString",
                "coordinates": [
                    [
                        [
                            -2.898,
                            -0.523
                        ],
                        [
                            -2.998,
                            -0.522
                        ]
                    ]
                ]
            }
        },
        {
            "type": "Feature",
            "properties": {
                "id": 42,
                "startid": 21,
                "endid": 22,
                "weight": 1.0
            },
            "geometry": {
                "type": "MultiLineString",
                "coordinates": [
                    [
                        [
                            -2.898,
                            -0.523
                        ],
                        [
                            -2.798,
                            -0.525
                        ]
                    ]
                ]
            }
        },
        {
            "type": "Feature",
            "properties": {
                "id": 43,
                "startid": 22,
                "endid": 21,
                "weight": 1.0
            },
            "geometry": {
                "type": "MultiLineString",
                "coordinates": [
                    [
                        [
                            -2.798,
                            -0.525
                        ],
                        [
                            -2.898,
                            -0.523
                        ]
                    ]
                ]
            }
        },
        {
            "type": "Feature",
            "properties": {
                "id": 44,
                "startid": 22,
                "endid": 23,
                "weight": 1.0
            },
            "geometry": {
                "type": "MultiLineString",
                "coordinates": [
                    [
                        [
                            -2.798,
                            -0.525
                        ],
                        [
                            -2.698,
                            -0.526
                        ]
                    ]
                ]
            }
        },
        {
            "type": "Feature",
            "properties": {
                "id": 45,
                "startid": 23,
                "endid": 22,
                "weight": 1.0
            },
            "geometry": {
                "type": "MultiLineString",
                "coordinates": [
                    [
                        [
                            -2.698,
                            -0.526
                        ],
                        [
                            -2.798,
                            -0.525
                        ]
                    ]
                ]
            }
        },
        {
            "type": "Feature",
            "properties": {
                "id": 46,
                "startid": 23,
                "endid": 24,
                "weight": 1.0
            },
            "geometry": {
                "type": "MultiLineString",
                "coordinates": [
                    [
                        [
                            -2.698,
                            -0.526
                        ],
                        [
                            -2.598,
                            -0.528
                        ]
                    ]
                ]
            }
        },
        {
            "type": "Feature",
            "properties": {
                "id": 47,
                "startid": 24,
                "endid": 23,
                "weight": 1.0
            },
            "geometry": {
                "type": "MultiLineString",
                "coordinates": [
                    [
                        [
                            -2.598,
                            -0.528
                        ],
                        [
                            -2.698,
                            -0.526
                        ]
                    ]
                ]
            }
        },
        {
            "type": "Feature",
            "properties": {
                "id": 48,
                "startid": 24,
                "endid": 25,
                "weight": 1.0
            },
            "geometry": {
                "type": "MultiLineString",
                "coordinates": [
                    [
                        [
                            -2.598,
                            -0.528
                        ],
                        [
                            -2.498,
                            -0.529
                        ]
                    ]
                ]
            }
        },
        {
            "type": "Feature",
            "properties": {
                "id": 49,
                "startid": 25,
                "endid": 24,
                "weight": 1.0
            },
            "geometry": {
                "type": "MultiLineString",
                "coordinates": [
                    [
                        [
                            -2.498,
                            -0.529
                        ],
                        [
                            -2.598,
                            -0.528
                        ]
                    ]
                ]
            }
        },
        {
            "type": "Feature",
            "properties": {
                "id": 50,
                "startid": 25,
                "endid": 26,
                "weight": 1.0
            },
            "geometry": {
                "type": "MultiLineString",
                "coordinates": [
                    [
                        [
                            -2.498,
                            -0.529
                        ],
                        [
                            -2.398,
                            -0.531
                        ]
                    ]
                ]
            }
        },
        {
            "type": "Feature",
            "properties": {
                "id": 51,
                "startid": 26,
                "endid": 25,
                "weight": 1.0
            },
            "geometry": {
                "type": "MultiLineString",
                "coordinates": [
                    [
                        [
                            -2.398,
                            -0.531
                        ],
                        [
                            -2.498,
                            -0.529
                        ]
                    ]
                ]
            }
        },
        {
            "type": "Feature",
            "properties": {
                "id": 52,
                "startid": 26,
                "endid": 27,
                "weight": 1.0
            },
            "geometry": {
                "type": "MultiLineString",
                "coordinates": [
                    [
                        [
                            -2.398,
                            -0.531
                        ],
                        [
                            -2.299,
                            -0.532
                        ]
                    ]
                ]
            }
        },
        {
            "type": "Feature",
            "properties": {
                "id": 53,
                "startid": 27,
                "endid": 26,
                "weight": 1.0
            },
            "geometry": {
                "type": "MultiLineString",
                "coordinates": [
                    [
                        [
                            -2.299,
                            -0.532
                        ],
                        [
                            -2.398,
                            -0.531
                        ]
                    ]
                ]
            }
        },
        {
            "type": "Feature",
            "properties": {
                "id": 54,
                "startid": 27,
                "endid": 28,
                "weight": 1.0
            },
            "geometry": {
                "type": "MultiLineString",
                "coordinates": [
                    [
                        [
                            -2.299,
                            -0.532
                        ],
                        [
                            -2.199,
                            -0.534
                        ]
                    ]
                ]
            }
        },
        {
            "type": "Feature",
            "properties": {
                "id": 55,
                "startid": 28,
                "endid": 27,
                "weight": 1.0
            },
            "geometry": {
                "type": "MultiLineString",
                "coordinates": [
                    [
                        [
                            -2.199,
                            -0.534
                        ],
                        [
                            -2.299,
                            -0.532
                        ]
                    ]
                ]
            }
        },
        {
            "type": "Feature",
            "properties": {
                "id": 56,
                "startid": 28,
                "endid": 29,
                "weight": 1.0
            },
            "geometry": {
                "type": "MultiLineString",
                "coordinates": [
                    [
                        [
                            -2.199,
                            -0.534
                        ],
                        [
                            -2.099,
                            -0.535
                        ]
                    ]
                ]
            }
        },
        {
            "type": "Feature",
            "properties": {
                "id": 57,
                "startid": 29,
                "endid": 28,
                "weight": 1.0
            },
            "geometry": {
                "type": "MultiLineString",
                "coordinates": [
                    [
                        [
                            -2.099,
                            -0.535
                        ],
                        [
                            -2.199,
                            -0.534
                        ]
                    ]
                ]
            }
        },
        {
            "type": "Feature",
            "properties": {
                "id": 58,
                "startid": 29,
                "endid": 30,
                "weight": 1.0
            },
            "geometry": {
                "type": "MultiLineString",
                "coordinates": [
                    [
                        [
                            -2.099,
                            -0.535
                        ],
                        [
                            -1.999,
                            -0.537
                        ]
                    ]
                ]
            }
        },
        {
            "type": "Feature",
            "properties": {
                "id": 59,
                "startid": 30,
                "endid": 29,
                "weight": 1.0
            },
            "geometry": {
                "type": "MultiLineString",
                "coordinates": [
                    [
                        [
                            -1.999,
                            -0.537
                        ],
                        [
                            -2.099,
                            -0.535
                        ]
                    ]
                ]
            }
        },
        {
            "type": "Feature",
            "properties": {
                "id": 60,
                "startid": 30,
                "endid": 31,
                "weight": 1.0
            },
            "geometry": {
                "type": "MultiLineString",
                "coordinates": [
                    [
                        [
                            -1.999,
                            -0.537
                        ],
                        [
                            -1.899,
                            -0.538
                        ]
                    ]
                ]
            }
        },
        {
            "type": "Feature",
            "properties": {
                "id": 61,
                "startid": 31,
                "endid": 30,
                "weight": 1.0
            },
            "geometry": {
                "type": "MultiLineString",
                "coordinates": [
                    [
                        [
                            -1.899,
                            -0.538
                        ],
                        [
                            -1.999,
                            -0.537
                        ]
                    ]
                ]
            }
        },
        {
            "type": "Feature",
            "properties": {
                "id": 62,
                "startid": 31,
                "endid": 32,
                "weight": 1.0
            },
            "geometry": {
                "type": "MultiLineString",
                "coordinates": [
                    [
                        [
                            -1.899,
                            -0.538
                        ],
                        [
                            -1.799,
                            -0.54
                        ]
                    ]
                ]
            }
        },
        {
            "type": "Feature",
            "properties": {
                "id": 63,
                "startid": 32,
                "endid": 31,
                "weight": 1.0
            },
            "geometry": {
                "type": "MultiLineString",
                "coordinates": [
                    [
                        [
                            -1.799,
                            -0.54
                        ],
                        [
                            -1.899,
                            -0.538
                        ]
                    ]
                ]
            }
        },
        {
            "type": "Feature",
            "properties": {
                "id": 64,
                "startid": 32,
                "endid": 33,
                "weight": 1.0
            },
            "geometry": {
                "type": "MultiLineString",
                "coordinates": [
                    [
                        [
                            -1.799,
                            -0.54
                        ],
                        [
                            -1.699,
                            -0.541
                        ]
                    ]
                ]
            }
        },
        {
            "type": "Feature",
            "properties": {
                "id": 65,
                "startid": 33,
                "endid": 32,
                "weight": 1.0
            },
            "geometry": {
                "type": "MultiLineString",
                "coordinates": [
                    [
                        [
                            -1.699,
                            -0.541
                        ],
                        [
                            -1.799,
                            -0.54
                        ]
                    ]
                ]
            }
        },
        {
            "type": "Feature",
            "properties": {
                "id": 66,
                "startid": 33,
                "endid": 34,
                "weight": 1.0
            },
            "geometry": {
                "type": "MultiLineString",
                "coordinates": [
                    [
                        [
                            -1.699,
                            -0.541
                        ],
                        [
                            -1.599,
                            -0.543
                        ]
                    ]
                ]
            }
        },
        {
            "type": "Feature",
            "properties": {
                "id": 67,
                "startid": 34,
                "endid": 33,
                "weight": 1.0
            },
            "geometry": {
                "type": "MultiLineString",
                "coordinates": [
                    [
                        [
                            -1.599,
                            -0.543
                        ],
                        [
                            -1.699,
                            -0.541
                        ]
                    ]
                ]
            }
        },
        {
            "type": "Feature",
            "properties": {
                "id": 68,
                "startid": 34,
                "endid": 35,
                "weight": 1.0
            },
            "geometry": {
                "type": "MultiLineString",
                "coordinates": [
                    [
                        [
                            -1.599,
                            -0.543
                        ],
                        [
                            -1.499,
                            -0.544
                        ]
                    ]
                ]
            }
        },
        {
            "type": "Feature",
            "properties": {
                "id": 69,
                "startid": 35,
                "endid": 34,
                "weight": 1.0
            },
            "geometry": {
                "type": "MultiLineString",
                "coordinates": [
                    [
                        [
                            -1.499,
                            -0.544
                        ],
                        [
                            -1.599,
                            -0.543
                        ]
                    ]
                ]
            }
        },
        {
            "type": "Feature",
            "properties": {
                "id": 70,
                "startid": 35,
                "endid": 36,
                "weight": 1.0
            },
            "geometry": {
                "type": "MultiLineString",
                "coordinates": [
                    [
                        [
                            -1.499,
                            -0.544
                        ],
                        [
                            -1.4,
                            -0.546
                        ]
                    ]
                ]
            }
        },
        {
            "type": "Feature",
            "properties": {
                "id": 71,
                "startid": 36,
                "endid": 35,
                "weight": 1.0
            },
            "geometry": {
                "type": "MultiLineString",
                "coordinates": [
                    [
                        [
                            -1.4,
                            -0.546
                        ],
                        [
                            -1.499,
                            -0.544
                        ]
                    ]
                ]
            }
        },
        {
            "type": "Feature",
            "properties": {
                "id": 72,
                "startid": 36,
                "endid": 37,
                "weight": 1.0
            },
            "geometry": {
                "type": "MultiLineString",
                "coordinates": [
                    [
                        [
                            -1.4,
                            -0.546
                        ],
                        [
                            -1.3,
                            -0.547
                        ]
                    ]
                ]
            }
        },
        {
            "type": "Feature",
            "properties": {
                "id": 73,
                "startid": 37,
                "endid": 36,
                "weight": 1.0
            },
            "geometry": {
                "type": "MultiLineString",
                "coordinates": [
                    [
                        [
                            -1.3,
                            -0.547
                        ],
                        [
                            -1.4,
                            -0.546
                        ]
                    ]
                ]
            }
        },
        {
            "type": "Feature",
            "properties": {
                "id": 74,
                "startid": 37,
                "endid": 38,
                "weight": 1.0
            },
            "geometry": {
                "type": "MultiLineString",
                "coordinates": [
                    [
                        [
                            -1.3,
                            -0.547
                        ],
                        [
                            -1.2,
                            -0.549
                        ]
                    ]
                ]
            }
        },
        {
            "type": "Feature",
            "properties": {
                "id": 75,
                "startid": 38,
                "endid": 37,
                "weight": 1.0
            },
            "geometry": {
                "type": "MultiLineString",
                "coordinates": [
                    [
                        [
                            -1.2,
                            -0.549
                        ],
                        [
                            -1.3,
                            -0.547
                        ]
                    ]
                ]
            }
        },
        {
            "type": "Feature",
            "properties": {
                "id": 76,
                "startid": 38,
                "endid": 39,
                "weight": 1.0
            },
            "geometry": {
                "type": "MultiLineString",
                "coordinates": [
                    [
                        [
                            -1.2,
                            -0.549
                        ],
                        [
                            -1.1,
                            -0.55
                        ]
                    ]
                ]
            }
        },
        {
            "type": "Feature",
            "properties": {
                "id": 77,
                "startid": 39,
                "endid": 38,
                "weight": 1.0
            },
            "geometry": {
                "type": "MultiLineString",
                "coordinates": [
                    [
                        [
                            -1.1,
                            -0.55
                        ],
                        [
                            -1.2,
                            -0.549
                        ]
                    ]
                ]
            }
        },
        {
            "type": "Feature",
            "properties": {
                "id": 78,
                "startid": 39,
                "endid": 40,
                "weight": 1.0
            },
            "geometry": {
                "type": "MultiLineString",
                "coordinates": [
                    [
                        [
                            -1.1,
                            -0.55
                        ],
                        [
                            -1.0,
                            -0.552
                        ]
                    ]
                ]
            }
        },
        {
            "type": "Feature",
            "properties": {
                "id": 79,
                "startid": 40,
                "endid": 39,
                "weight": 1.0
            },
            "geometry": {
                "type": "MultiLineString",
                "coordinates": [
                    [
                        [
                            -1.0,
                            -0.552
                        ],
                        [
                            -1.1,
                            -0.55
                        ]
                    ]
                ]
            }
        },
        {
            "type": "Feature",
            "properties": {
                "id": 80,
                "startid": 40,
                "endid": 41,
                "weight": 1.0
            },
            "geometry": {
                "type": "MultiLineString",
                "coordinates": [
                    [
                        [
                            -1.0,
                            -0.552
                        ],
                        [
                            -0.9,
                            -0.553
                        ]
                    ]
                ]
            }
        },
        {
            "type": "Feature",
            "properties": {
                "id": 81,
                "startid": 41,
                "endid": 40,
                "weight": 1.0
            },
            "geometry": {
                "type": "MultiLineString",
                "coordinates": [
                    [
                        [
                            -0.9,
                            -0.553
                        ],
                        [
                            -1.0,
                            -0.552
                        ]
                    ]
                ]
            }
        },
        {
            "type": "Feature",
            "properties": {
                "id": 82,
                "startid": 41,
                "endid": 42,
                "weight": 1.0
            },
            "geometry": {
                "type": "MultiLineString",
                "coordinates": [
                    [
                        [
                            -0.9,
                            -0.553
                        ],
                        [
                            -0.8,
                            -0.555
                        ]
                    ]
                ]
            }
        },
        {
            "type": "Feature",
            "properties": {
                "id": 83,
                "startid": 42,
                "endid": 41,
                "weight": 1.0
            },
            "geometry": {
                "type": "MultiLineString",
                "coordinates": [
                    [
                        [
                            -0.8,
                            -0.555
                        ],
                        [
                            -0.9,
                            -0.553
                        ]
                    ]
                ]
            }
        },
        {
            "type": "Feature",
            "properties": {
                "id": 84,
                "startid": 42,
                "endid": 43,
                "weight": 1.0
            },
            "geometry": {
                "type": "MultiLineString",
                "coordinates": [
                    [
                        [
                            -0.8,
                            -0.555
                        ],
                        [
                            -0.7,
                            -0.556
                        ]
                    ]
                ]
            }
        },
        {
            "type": "Feature",
            "properties": {
                "id": 85,
                "startid": 43,
                "endid": 42,
                "weight": 1.0
            },
            "geometry": {
                "type": "MultiLineString",
                "coordinates": [
                    [
                        [
                            -0.7,
                            -0.556
                        ],
                        [
                            -0.8,
                            -0.555
                        ]
                    ]
                ]
            }
        },
        {
            "type": "Feature",
            "properties": {
                "id": 86,
                "startid": 43,
                "endid": 44,
                "weight": 1.0
            },
            "geometry": {
                "type": "MultiLineString",
                "coordinates": [
                    [
                        [
                            -0.7,
                            -0.556
                        ],
                        [
                            -0.6,
                            -0.558
                        ]
                    ]
                ]
            }
        },
        {
            "type": "Feature",
            "properties": {
                "id": 87,
                "startid": 44,
                "endid": 43,
                "weight": 1.0
            },
            "geometry": {
                "type": "MultiLineString",
                "coordinates": [
                    [
                        [
                            -0.6,
                            -0.558
                        ],
                        [
                            -0.7,
                            -0.556
                        ]
                    ]
                ]
            }
        },
        {
            "type": "Feature",
            "properties": {
                "id": 88,
                "startid": 44,
                "endid": 45,
                "weight": 1.0
            },
            "geometry": {
                "type": "MultiLineString",
                "coordinates": [
                    [
                        [
                            -0.6,
                            -0.558
                        ],
                        [
                            -0.501,
                            -0.559
                        ]
                    ]
                ]
            }
        },
        {
            "type": "Feature",
            "properties": {
                "id": 89,
                "startid": 45,
                "endid": 44,
                "weight": 1.0
            },
            "geometry": {
                "type": "MultiLineString",
                "coordinates": [
                    [
                        [
                            -0.501,
                            -0.559
                        ],
                        [
                            -0.6,
                            -0.558
                        ]
                    ]
                ]
            }
        },
        {
            "type": "Feature",
            "properties": {
                "id": 90,
                "startid": 45,
                "endid": 46,
                "weight": 1.0
            },
            "geometry": {
                "type": "MultiLineString",
                "coordinates": [
                    [
                        [
                            -0.501,
                            -0.559
                        ],
                        [
                            -0.401,
                            -0.561
                        ]
                    ]
                ]
            }
        },
        {
            "type": "Feature",
            "properties": {
                "id": 91,
                "startid": 46,
                "endid": 45,
                "weight": 1.0
            },
            "geometry": {
                "type": "MultiLineString",
                "coordinates": [
                    [
                        [
                            -0.401,
                            -0.561
                        ],
                        [
                            -0.501,
                            -0.559
                        ]
                    ]
                ]
            }
        },
        {
            "type": "Feature",
            "properties": {
                "id": 92,
                "startid": 46,
                "endid": 47,
                "weight": 1.0
            },
            "geometry": {
                "type": "MultiLineString",
                "coordinates": [
                    [
                        [
                            -0.401,
                            -0.561
                        ],
                        [
                            -0.301,
                            -0.562
                        ]
                    ]
                ]
            }
        },
        {
            "type": "Feature",
            "properties": {
                "id": 93,
                "startid": 47,
                "endid": 46,
                "weight": 1.0
            },
            "geometry": {
                "type": "MultiLineString",
                "coordinates": [
                    [
                        [
                            -0.301,
                            -0.562
                        ],
                        [
                            -0.401,
                            -0.561
                        ]
                    ]
                ]
            }
        },
        {
            "type": "Feature",
            "properties": {
                "id": 94,
                "startid": 47,
                "endid": 48,
                "weight": 1.0
            },
            "geometry": {
                "type": "MultiLineString",
                "coordinates": [
                    [
                        [
                            -0.301,
                            -0.562
                        ],
                        [
                            -0.201,
                            -0.564
                        ]
                    ]
                ]
            }
        },
        {
            "type": "Feature",
            "properties": {
                "id": 95,
                "startid": 48,
                "endid": 47,
                "weight": 1.0
            },
            "geometry": {
                "type": "MultiLineString",
                "coordinates": [
                    [
                        [
                            -0.201,
                            -0.564
                        ],
                        [
                            -0.301,
                            -0.562
                        ]
                    ]
                ]
            }
        },
        {
            "type": "Feature",
            "properties": {
                "id": 96,
                "startid": 48,
                "endid": 49,
                "weight": 1.0
            },
            "geometry": {
                "type": "MultiLineString",
                "coordinates": [
                    [
                        [
                            -0.201,
                            -0.564
                        ],
                        [
                            -0.101,
                            -0.565
                        ]
                    ]
                ]
            }
        },
        {
            "type": "Feature",
            "properties": {
                "id": 97,
                "startid": 49,
                "endid": 48,
                "weight": 1.0
            },
            "geometry": {
                "type": "MultiLineString",
                "coordinates": [
                    [
                        [
                            -0.101,
                            -0.565
                        ],
                        [
                            -0.201,
                            -0.564
                        ]
                    ]
                ]
            }
        },
        {
            "type": "Feature",
            "properties": {
                "id": 98,
                "startid": 49,
                "endid": 50,
                "weight": 1.0
            },
            "geometry": {
                "type": "MultiLineString",
                "coordinates": [
                    [
                        [
                            -0.101,
                            -0.565
                        ],
                        [
                            -0.102,
                            -0.466
                        ]
                    ]
                ]
            }
        },
        {
            "type": "Feature",
            "properties": {
                "id": 99,
                "startid": 50,
                "endid": 49,
                "weight": 1.0
            },
            "geometry": {
                "type": "MultiLineString",
                "coordinates": [
                    [
                        [
                            -0.102,
                            -0.466
                        ],
                        [
                            -0.101,
                            -0.565
                        ]
                    ]
                ]
            }
        },
        {
            "type": "Feature",
            "properties": {
                "id": 100,
                "startid": 50,
                "endid": 51,
                "weight": 1.0
            },
            "geometry": {
                "type": "MultiLineString",
                "coordinates": [
                    [
                        [
                            -0.102,
                            -0.466
                        ],
                        [
                            -0.104,
                            -0.367
                        ]
                    ]
                ]
            }
        },
        {
            "type": "Feature",
            "properties": {
                "id": 101,
                "startid": 51,
                "endid": 50,
                "weight": 1.0
            },
            "geometry": {
                "type": "MultiLineString",
                "coordinates": [
                    [
                        [
                            -0.104,
                            -0.367
                        ],
                        [
                            -0.102,
                            -0.466
                        ]
                    ]
                ]
            }
        },
        {
            "type": "Feature",
            "properties": {
                "id": 102,
                "startid": 51,
                "endid": 52,
                "weight": 1.0
            },
            "geometry": {
                "type": "MultiLineString",
                "coordinates": [
                    [
                        [
                            -0.104,
                            -0.367
                        ],
                        [
                            -0.105,
                            -0.268
                        ]
                    ]
                ]
            }
        },
        {
            "type": "Feature",
            "properties": {
                "id": 103,
                "startid": 52,
                "endid": 51,
                "weight": 1.0
            },
            "geometry": {
                "type": "MultiLineString",
                "coordinates": [
                    [
                        [
                            -0.105,
                            -0.268
                        ],
                        [
                            -0.104,
                            -0.367
                        ]
                    ]
                ]
            }
        },
        {
            "type": "Feature",
            "properties": {
                "id": 104,
                "startid": 52,
                "endid": 53,
                "weight": 1.0
            },
            "geometry": {
                "type": "MultiLineString",
                "coordinates": [
                    [
                        [
                            -0.105,
                            -0.268
                        ],
                        [
                            -0.106,
                            -0.169
                        ]
                    ]
                ]
            }
        },
        {
            "type": "Feature",
            "properties": {
                "id": 105,
                "startid": 53,
                "endid": 52,
                "weight": 1.0
            },
            "geometry": {
                "type": "MultiLineString",
                "coordinates": [
                    [
                        [
                            -0.106,
                            -0.169
                        ],
                        [
                            -0.105,
                            -0.268
                        ]
                    ]
                ]
            }
        },
        {
            "type": "Feature",
            "properties": {
                "id": 106,
                "startid": 53,
                "endid": 54,
                "weight": 1.0
            },
            "geometry": {
                "type": "MultiLineString",
                "coordinates": [
                    [
                        [
                            -0.106,
                            -0.169
                        ],
                        [
                            -0.108,
                            -0.07
                        ]
                    ]
                ]
            }
        },
        {
            "type": "Feature",
            "properties": {
                "id": 107,
                "startid": 54,
                "endid": 53,
                "weight": 1.0
            },
            "geometry": {
                "type": "MultiLineString",
                "coordinates": [
                    [
                        [
                            -0.108,
                            -0.07
                        ],
                        [
                            -0.106,
                            -0.169
                        ]
                    ]
                ]
            }
        },
        {
            "type": "Feature",
            "properties": {
                "id": 108,
                "startid": 54,
                "endid": 55,
                "weight": 1.0
            },
            "geometry": {
                "type": "MultiLineString",
                "coordinates": [
                    [
                        [
                            -0.108,
                            -0.07
                        ],
                        [
                            -0.109,
                            0.028
                        ]
                    ]
                ]
            }
        },
        {
            "type": "Feature",
            "properties": {
                "id": 109,
                "startid": 55,
                "endid": 54,
                "weight": 1.0
            },
            "geometry": {
                "type": "MultiLineString",
                "coordinates": [
                    [
                        [
                            -0.109,
                            0.028
                        ],
                        [
                            -0.108,
                            -0.07
                        ]
                    ]
                ]
            }
        },
        {
            "type": "Feature",
            "properties": {
                "id": 110,
                "startid": 55,
                "endid": 56,
                "weight": 1.0
            },
            "geometry": {
                "type": "MultiLineString",
                "coordinates": [
                    [
                        [
                            -0.109,
                            0.028
                        ],
                        [
                            -0.11,
                            0.127
                        ]
                    ]
                ]
            }
        },
        {
            "type": "Feature",
            "properties": {
                "id": 111,
                "startid": 56,
                "endid": 55,
                "weight": 1.0
            },
            "geometry": {
                "type": "MultiLineString",
                "coordinates": [
                    [
                        [
                            -0.11,
                            0.127
                        ],
                        [
                            -0.109,
                            0.028
                        ]
                    ]
                ]
            }
        },
        {
            "type": "Feature",
            "properties": {
                "id": 112,
                "startid": 56,
                "endid": 57,
                "weight": 1.0
            },
            "geometry": {
                "type": "MultiLineString",
                "coordinates": [
                    [
                        [
                            -0.11,
                            0.127
                        ],
                        [
                            -0.112,
                            0.226
                        ]
                    ]
                ]
            }
        },
        {
            "type": "Feature",
            "properties": {
                "id": 113,
                "startid": 57,
                "endid": 56,
                "weight": 1.0
            },
            "geometry": {
                "type": "MultiLineString",
                "coordinates": [
                    [
                        [
                            -0.112,
                            0.226
                        ],
                        [
                            -0.11,
                            0.127
                        ]
                    ]
                ]
            }
        },
        {
            "type": "Feature",
            "properties": {
                "id": 114,
                "startid": 57,
                "endid": 58,
                "weight": 1.0
            },
            "geometry": {
                "type": "MultiLineString",
                "coordinates": [
                    [
                        [
                            -0.112,
                            0.226
                        ],
                        [
                            -0.113,
                            0.325
                        ]
                    ]
                ]
            }
        },
        {
            "type": "Feature",
            "properties": {
                "id": 115,
                "startid": 58,
                "endid": 57,
                "weight": 1.0
            },
            "geometry": {
                "type": "MultiLineString",
                "coordinates": [
                    [
                        [
                            -0.113,
                            0.325
                        ],
                        [
                            -0.112,
                            0.226
                        ]
                    ]
                ]
            }
        },
        {
            "type": "Feature",
            "properties": {
                "id": 116,
                "startid": 58,
                "endid": 59,
                "weight": 1.0
            },
            "geometry": {
                "type": "MultiLineString",
                "coordinates": [
                    [
                        [
                            -0.113,
                            0.325
                        ],
                        [
                            -0.115,
                            0.424
                        ]
                    ]
                ]
            }
        },
        {
            "type": "Feature",
            "properties": {
                "id": 117,
                "startid": 59,
                "endid": 58,
                "weight": 1.0
            },
            "geometry": {
                "type": "MultiLineString",
                "coordinates": [
                    [
                        [
                            -0.115,
                            0.424
                        ],
                        [
                            -0.113,
                            0.325
                        ]
                    ]
                ]
            }
        },
        {
            "type": "Feature",
            "properties": {
                "id": 118,
                "startid": 59,
                "endid": 60,
                "weight": 1.0
            },
            "geometry": {
                "type": "MultiLineString",
                "coordinates": [
                    [
                        [
                            -0.115,
                            0.424
                        ],
                        [
                            -0.116,
                            0.524
                        ]
                    ]
                ]
            }
        },
        {
            "type": "Feature",
            "properties": {
                "id": 119,
                "startid": 60,
                "endid": 59,
                "weight": 1.0
            },
            "geometry": {
                "type": "MultiLineString",
                "coordinates": [
                    [
                        [
                            -0.116,
                            0.524
                        ],
                        [
                            -0.115,
                            0.424
                        ]
                    ]
                ]
            }
        },
        {
            "type": "Feature",
            "properties": {
                "id": 120,
                "startid": 60,
                "endid": 61,
                "weight": 1.0
            },
            "geometry": {
                "type": "MultiLineString",
                "coordinates": [
                    [
                        [
                            -0.116,
                            0.524
                        ],
                        [
                            -0.117,
                            0.623
                        ]
                    ]
                ]
            }
        },
        {
            "type": "Feature",
            "properties": {
                "id": 121,
                "startid": 61,
                "endid": 60,
                "weight": 1.0
            },
            "geometry": {
                "type": "MultiLineString",
                "coordinates": [
                    [
                        [
                            -0.117,
                            0.623
                        ],
                        [
                            -0.116,
                            0.524
                        ]
                    ]
                ]
            }
        },
        {
            "type": "Feature",
            "properties": {
                "id": 122,
                "startid": 61,
                "endid": 62,
                "weight": 1.0
            },
            "geometry": {
                "type": "MultiLineString",
                "coordinates": [
                    [
                        [
                            -0.117,
                            0.623
                        ],
                        [
                            -0.119,
                            0.722
                        ]
                    ]
                ]
            }
        },
        {
            "type": "Feature",
            "properties": {
                "id": 123,
                "startid": 62,
                "endid": 61,
                "weight": 1.0
            },
            "geometry": {
                "type": "MultiLineString",
                "coordinates": [
                    [
                        [
                            -0.119,
                            0.722
                        ],
                        [
                            -0.117,
                            0.623
                        ]
                    ]
                ]
            }
        },
        {
            "type": "Feature",
            "properties": {
                "id": 124,
                "startid": 62,
                "endid": 63,
                "weight": 1.0
            },
            "geometry": {
                "type": "MultiLineString",
                "coordinates": [
                    [
                        [
                            -0.119,
                            0.722
                        ],
                        [
                            -0.12,
                            0.821
                        ]
                    ]
                ]
            }
        },
        {
            "type": "Feature",
            "properties": {
                "id": 125,
                "startid": 63,
                "endid": 62,
                "weight": 1.0
            },
            "geometry": {
                "type": "MultiLineString",
                "coordinates": [
                    [
                        [
                            -0.12,
                            0.821
                        ],
                        [
                            -0.119,
                            0.722
                        ]
                    ]
                ]
            }
        },
        {
            "type": "Feature",
            "properties": {
                "id": 126,
                "startid": 63,
                "endid": 64,
                "weight": 1.0
            },
            "geometry": {
                "type": "MultiLineString",
                "coordinates": [
                    [
                        [
                            -0.12,
                            0.821
                        ],
                        [
                            -0.121,
                            0.92
                        ]
                    ]
                ]
            }
        },
        {
            "type": "Feature",
            "properties": {
                "id": 127,
                "startid": 64,
                "endid": 63,
                "weight": 1.0
            },
            "geometry": {
                "type": "MultiLineString",
                "coordinates": [
                    [
                        [
                            -0.121,
                            0.92
                        ],
                        [
                            -0.12,
                            0.821
                        ]
                    ]
                ]
            }
        },
        {
            "type": "Feature",
            "properties": {
                "id": 128,
                "startid": 64,
                "endid": 65,
                "weight": 1.0
            },
            "geometry": {
                "type": "MultiLineString",
                "coordinates": [
                    [
                        [
                            -0.121,
                            0.92
                        ],
                        [
                            -0.123,
                            1.019
                        ]
                    ]
                ]
            }
        },
        {
            "type": "Feature",
            "properties": {
                "id": 129,
                "startid": 65,
                "endid": 64,
                "weight": 1.0
            },
            "geometry": {
                "type": "MultiLineString",
                "coordinates": [
                    [
                        [
                            -0.123,
                            1.019
                        ],
                        [
                            -0.121,
                            0.92
                        ]
                    ]
                ]
            }
        },
        {
            "type": "Feature",
            "properties": {
                "id": 130,
                "startid": 65,
                "endid": 66,
                "weight": 1.0
            },
            "geometry": {
                "type": "MultiLineString",
                "coordinates": [
                    [
                        [
                            -0.123,
                            1.019
                        ],
                        [
                            -0.124,
                            1.118
                        ]
                    ]
                ]
            }
        },
        {
            "type": "Feature",
            "properties": {
                "id": 131,
                "startid": 66,
                "endid": 65,
                "weight": 1.0
            },
            "geometry": {
                "type": "MultiLineString",
                "coordinates": [
                    [
                        [
                            -0.124,
                            1.118
                        ],
                        [
                            -0.123,
                            1.019
                        ]
                    ]
                ]
            }
        },
        {
            "type": "Feature",
            "properties": {
                "id": 132,
                "startid": 66,
                "endid": 67,
                "weight": 1.0
            },
            "geometry": {
                "type": "MultiLineString",
                "coordinates": [
                    [
                        [
                            -0.124,
                            1.118
                        ],
                        [
                            -0.125,
                            1.217
                        ]
                    ]
                ]
            }
        },
        {
            "type": "Feature",
            "properties": {
                "id": 133,
                "startid": 67,
                "endid": 66,
                "weight": 1.0
            },
            "geometry": {
                "type": "MultiLineString",
                "coordinates": [
                    [
                        [
                            -0.125,
                            1.217
                        ],
                        [
                            -0.124,
                            1.118
                        ]
                    ]
                ]
            }
        },
        {
            "type": "Feature",
            "properties": {
                "id": 134,
                "startid": 67,
                "endid": 68,
                "weight": 1.0
            },
            "geometry": {
                "type": "MultiLineString",
                "coordinates": [
                    [
                        [
                            -0.125,
                            1.217
                        ],
                        [
                            -0.127,
                            1.316
                        ]
                    ]
                ]
            }
        },
        {
            "type": "Feature",
            "properties": {
                "id": 135,
                "startid": 68,
                "endid": 67,
                "weight": 1.0
            },
            "geometry": {
                "type": "MultiLineString",
                "coordinates": [
                    [
                        [
                            -0.127,
                            1.316
                        ],
                        [
                            -0.125,
                            1.217
                        ]
                    ]
                ]
            }
        },
        {
            "type": "Feature",
            "properties": {
                "id": 136,
                "startid": 68,
                "endid": 69,
                "weight": 1.0
            },
            "geometry": {
                "type": "MultiLineString",
                "coordinates": [
                    [
                        [
                            -0.127,
                            1.316
                        ],
                        [
                            -0.128,
                            1.415
                        ]
                    ]
                ]
            }
        },
        {
            "type": "Feature",
            "properties": {
                "id": 137,
                "startid": 69,
                "endid": 68,
                "weight": 1.0
            },
            "geometry": {
                "type": "MultiLineString",
                "coordinates": [
                    [
                        [
                            -0.128,
                            1.415
                        ],
                        [
                            -0.127,
                            1.316
                        ]
                    ]
                ]
            }
        },
        {
            "type": "Feature",
            "properties": {
                "id": 138,
                "startid": 69,
                "endid": 70,
                "weight": 1.0
            },
            "geometry": {
                "type": "MultiLineString",
                "coordinates": [
                    [
                        [
                            -0.128,
                            1.415
                        ],
                        [
                            -0.129,
                            1.514
                        ]
                    ]
                ]
            }
        },
        {
            "type": "Feature",
            "properties": {
                "id": 139,
                "startid": 70,
                "endid": 69,
                "weight": 1.0
            },
            "geometry": {
                "type": "MultiLineString",
                "coordinates": [
                    [
                        [
                            -0.129,
                            1.514
                        ],
                        [
                            -0.128,
                            1.415
                        ]
                    ]
                ]
            }
        },
        {
            "type": "Feature",
            "properties": {
                "id": 140,
                "startid": 70,
                "endid": 71,
                "weight": 1.0
            },
            "geometry": {
                "type": "MultiLineString",
                "coordinates": [
                    [
                        [
                            -0.129,
                            1.514
                        ],
                        [
                            -0.131,
                            1.614
                        ]
                    ]
                ]
            }
        },
        {
            "type": "Feature",
            "properties": {
                "id": 141,
                "startid": 71,
                "endid": 70,
                "weight": 1.0
            },
            "geometry": {
                "type": "MultiLineString",
                "coordinates": [
                    [
                        [
                            -0.131,
                            1.614
                        ],
                        [
                            -0.129,
                            1.514
                        ]
                    ]
                ]
            }
        },
        {
            "type": "Feature",
            "properties": {
                "id": 142,
                "startid": 71,
                "endid": 72,
                "weight": 1.0
            },
            "geometry": {
                "type": "MultiLineString",
                "coordinates": [
                    [
                        [
                            -0.131,
                            1.614
                        ],
                        [
                            -0.132,
                            1.713
                        ]
                    ]
                ]
            }
        },
        {
            "type": "Feature",
            "properties": {
                "id": 143,
                "startid": 72,
                "endid": 71,
                "weight": 1.0
            },
            "geometry": {
                "type": "MultiLineString",
                "coordinates": [
                    [
                        [
                            -0.132,
                            1.713
                        ],
                        [
                            -0.131,
                            1.614
                        ]
                    ]
                ]
            }
        },
        {
            "type": "Feature",
            "properties": {
                "id": 144,
                "startid": 72,
                "endid": 73,
                "weight": 1.0
            },
            "geometry": {
                "type": "MultiLineString",
                "coordinates": [
                    [
                        [
                            -0.132,
                            1.713
                        ],
                        [
                            -0.133,
                            1.812
                        ]
                    ]
                ]
            }
        },
        {
            "type": "Feature",
            "properties": {
                "id": 145,
                "startid": 73,
                "endid": 72,
                "weight": 1.0
            },
            "geometry": {
                "type": "MultiLineString",
                "coordinates": [
                    [
                        [
                            -0.133,
                            1.812
                        ],
                        [
                            -0.132,
                            1.713
                        ]
                    ]
                ]
            }
        },
        {
            "type": "Feature",
            "properties": {
                "id": 146,
                "startid": 73,
                "endid": 74,
                "weight": 1.0
            },
            "geometry": {
                "type": "MultiLineString",
                "coordinates": [
                    [
                        [
                            -0.133,
                            1.812
                        ],
                        [
                            -0.135,
                            1.911
                        ]
                    ]
                ]
            }
        },
        {
            "type": "Feature",
            "properties": {
                "id": 147,
                "startid": 74,
                "endid": 73,
                "weight": 1.0
            },
            "geometry": {
                "type": "MultiLineString",
                "coordinates": [
                    [
                        [
                            -0.135,
                            1.911
                        ],
                        [
                            -0.133,
                            1.812
                        ]
                    ]
                ]
            }
        },
        {
            "type": "Feature",
            "properties": {
                "id": 148,
                "startid": 74,
                "endid": 75,
                "weight": 1.0
            },
            "geometry": {
                "type": "MultiLineString",
                "coordinates": [
                    [
                        [
                            -0.135,
                            1.911
                        ],
                        [
                            -0.136,
                            2.01
                        ]
                    ]
                ]
            }
        },
        {
            "type": "Feature",
            "properties": {
                "id": 149,
                "startid": 75,
                "endid": 74,
                "weight": 1.0
            },
            "geometry": {
                "type": "MultiLineString",
                "coordinates": [
                    [
                        [
                            -0.136,
                            2.01
                        ],
                        [
                            -0.135,
                            1.911
                        ]
                    ]
                ]
            }
        },
        {
            "type": "Feature",
            "properties": {
                "id": 150,
                "startid": 75,
                "endid": 76,
                "weight": 1.0
            },
            "geometry": {
                "type": "MultiLineString",
                "coordinates": [
                    [
                        [
                            -0.136,
                            2.01
                        ],
                        [
                            -0.137,
                            2.109
                        ]
                    ]
                ]
            }
        },
        {
            "type": "Feature",
            "properties": {
                "id": 151,
                "startid": 76,
                "endid": 75,
                "weight": 1.0
            },
            "geometry": {
                "type": "MultiLineString",
                "coordinates": [
                    [
                        [
                            -0.137,
                            2.109
                        ],
                        [
                            -0.136,
                            2.01
                        ]
                    ]
                ]
            }
        },
        {
            "type": "Feature",
            "properties": {
                "id": 152,
                "startid": 76,
                "endid": 77,
                "weight": 1.0
            },
            "geometry": {
                "type": "MultiLineString",
                "coordinates": [
                    [
                        [
                            -0.137,
                            2.109
                        ],
                        [
                            -0.139,
                            2.208
                        ]
                    ]
                ]
            }
        },
        {
            "type": "Feature",
            "properties": {
                "id": 153,
                "startid": 77,
                "endid": 76,
                "weight": 1.0
            },
            "geometry": {
                "type": "MultiLineString",
                "coordinates": [
                    [
                        [
                            -0.139,
                            2.208
                        ],
                        [
                            -0.137,
                            2.109
                        ]
                    ]
                ]
            }
        },
        {
            "type": "Feature",
            "properties": {
                "id": 154,
                "startid": 77,
                "endid": 78,
                "weight": 1.0
            },
            "geometry": {
                "type": "MultiLineString",
                "coordinates": [
                    [
                        [
                            -0.139,
                            2.208
                        ],
                        [
                            -0.14,
                            2.307
                        ]
                    ]
                ]
            }
        },
        {
            "type": "Feature",
            "properties": {
                "id": 155,
                "startid": 78,
                "endid": 77,
                "weight": 1.0
            },
            "geometry": {
                "type": "MultiLineString",
                "coordinates": [
                    [
                        [
                            -0.14,
                            2.307
                        ],
                        [
                            -0.139,
                            2.208
                        ]
                    ]
                ]
            }
        },
        {
            "type": "Feature",
            "properties": {
                "id": 156,
                "startid": 78,
                "endid": 79,
                "weight": 1.0
            },
            "geometry": {
                "type": "MultiLineString",
                "coordinates": [
                    [
                        [
                            -0.14,
                            2.307
                        ],
                        [
                            -0.141,
                            2.406
                        ]
                    ]
                ]
            }
        },
        {
            "type": "Feature",
            "properties": {
                "id": 157,
                "startid": 79,
                "endid": 78,
                "weight": 1.0
            },
            "geometry": {
                "type": "MultiLineString",
                "coordinates": [
                    [
                        [
                            -0.141,
                            2.406
                        ],
                        [
                            -0.14,
                            2.307
                        ]
                    ]
                ]
            }
        },
        {
            "type": "Feature",
            "properties": {
                "id": 158,
                "startid": 79,
                "endid": 80,
                "weight": 1.0
            },
            "geometry": {
                "type": "MultiLineString",
                "coordinates": [
                    [
                        [
                            -0.141,
                            2.406
                        ],
                        [
                            -0.143,
                            2.505
                        ]
                    ]
                ]
            }
        },
        {
            "type": "Feature",
            "properties": {
                "id": 159,
                "startid": 80,
                "endid": 79,
                "weight": 1.0
            },
            "geometry": {
                "type": "MultiLineString",
                "coordinates": [
                    [
                        [
                            -0.143,
                            2.505
                        ],
                        [
                            -0.141,
                            2.406
                        ]
                    ]
                ]
            }
        },
        {
            "type": "Feature",
            "properties": {
                "id": 160,
                "startid": 80,
                "endid": 81,
                "weight": 1.0
            },
            "geometry": {
                "type": "MultiLineString",
                "coordinates": [
                    [
                        [
                            -0.143,
                            2.505
                        ],
                        [
                            -0.144,
                            2.604
                        ]
                    ]
                ]
            }
        },
        {
            "type": "Feature",
            "properties": {
                "id": 161,
                "startid": 81,
                "endid": 80,
                "weight": 1.0
            },
            "geometry": {
                "type": "MultiLineString",
                "coordinates": [
                    [
                        [
                            -0.144,
                            2.604
                        ],
                        [
                            -0.143,
                            2.505
                        ]
                    ]
                ]
            }
        },
        {
            "type": "Feature",
            "properties": {
                "id": 162,
                "startid": 81,
                "endid": 82,
                "weight": 1.0
            },
            "geometry": {
                "type": "MultiLineString",
                "coordinates": [
                    [
                        [
                            -0.144,
                            2.604
                        ],
                        [
                            -0.146,
                            2.704
                        ]
                    ]
                ]
            }
        },
        {
            "type": "Feature",
            "properties": {
                "id": 163,
                "startid": 82,
                "endid": 81,
                "weight": 1.0
            },
            "geometry": {
                "type": "MultiLineString",
                "coordinates": [
                    [
                        [
                            -0.146,
                            2.704
                        ],
                        [
                            -0.144,
                            2.604
                        ]
                    ]
                ]
            }
        },
        {
            "type": "Feature",
            "properties": {
                "id": 164,
                "startid": 82,
                "endid": 83,
                "weight": 1.0
            },
            "geometry": {
                "type": "MultiLineString",
                "coordinates": [
                    [
                        [
                            -0.146,
                            2.704
                        ],
                        [
                            -0.147,
                            2.803
                        ]
                    ]
                ]
            }
        },
        {
            "type": "Feature",
            "properties": {
                "id": 165,
                "startid": 83,
                "endid": 82,
                "weight": 1.0
            },
            "geometry": {
                "type": "MultiLineString",
                "coordinates": [
                    [
                        [
                            -0.147,
                            2.803
                        ],
                        [
                            -0.146,
                            2.704
                        ]
                    ]
                ]
            }
        },
        {
            "type": "Feature",
            "properties": {
                "id": 166,
                "startid": 83,
                "endid": 84,
                "weight": 1.0
            },
            "geometry": {
                "type": "MultiLineString",
                "coordinates": [
                    [
                        [
                            -0.147,
                            2.803
                        ],
                        [
                            -0.148,
                            2.902
                        ]
                    ]
                ]
            }
        },
        {
            "type": "Feature",
            "properties": {
                "id": 167,
                "startid": 84,
                "endid": 83,
                "weight": 1.0
            },
            "geometry": {
                "type": "MultiLineString",
                "coordinates": [
                    [
                        [
                            -0.148,
                            2.902
                        ],
                        [
                            -0.147,
                            2.803
                        ]
                    ]
                ]
            }
        },
        {
            "type": "Feature",
            "properties": {
                "id": 168,
                "startid": 84,
                "endid": 85,
                "weight": 1.0
            },
            "geometry": {
                "type": "MultiLineString",
                "coordinates": [
                    [
                        [
                            -0.148,
                            2.902
                        ],
                        [
                            -0.15,
                            3.001
                        ]
                    ]
                ]
            }
        },
        {
            "type": "Feature",
            "properties": {
                "id": 169,
                "startid": 85,
                "endid": 84,
                "weight": 1.0
            },
            "geometry": {
                "type": "MultiLineString",
                "coordinates": [
                    [
                        [
                            -0.15,
                            3.001
                        ],
                        [
                            -0.148,
                            2.902
                        ]
                    ]
                ]
            }
        },
        {
            "type": "Feature",
            "properties": {
                "id": 170,
                "startid": 85,
                "endid": 86,
                "weight": 1.0
            },
            "geometry": {
                "type": "MultiLineString",
                "coordinates": [
                    [
                        [
                            -0.15,
                            3.001
                        ],
                        [
                            -0.151,
                            3.1
                        ]
                    ]
                ]
            }
        },
        {
            "type": "Feature",
            "properties": {
                "id": 171,
                "startid": 86,
                "endid": 85,
                "weight": 1.0
            },
            "geometry": {
                "type": "MultiLineString",
                "coordinates": [
                    [
                        [
                            -0.151,
                            3.1
                        ],
                        [
                            -0.15,
                            3.001
                        ]
                    ]
                ]
            }
        },
        {
            "type": "Feature",
            "properties": {
                "id": 172,
                "startid": 86,
                "endid": 87,
                "weight": 1.0
            },
            "geometry": {
                "type": "MultiLineString",
                "coordinates": [
                    [
                        [
                            -0.151,
                            3.1
                        ],
                        [
                            -0.152,
                            3.199
                        ]
                    ]
                ]
            }
        },
        {
            "type": "Feature",
            "properties": {
                "id": 173,
                "startid": 87,
                "endid": 86,
                "weight": 1.0
            },
            "geometry": {
                "type": "MultiLineString",
                "coordinates": [
                    [
                        [
                            -0.152,
                            3.199
                        ],
                        [
                            -0.151,
                            3.1
                        ]
                    ]
                ]
            }
        },
        {
            "type": "Feature",
            "properties": {
                "id": 174,
                "startid": 87,
                "endid": 88,
                "weight": 1.0
            },
            "geometry": {
                "type": "MultiLineString",
                "coordinates": [
                    [
                        [
                            -0.152,
                            3.199
                        ],
                        [
                            -0.053,
                            3.199
                        ]
                    ]
                ]
            }
        },
        {
            "type": "Feature",
            "properties": {
                "id": 175,
                "startid": 88,
                "endid": 87,
                "weight": 1.0
            },
            "geometry": {
                "type": "MultiLineString",
                "coordinates": [
                    [
                        [
                            -0.053,
                            3.199
                        ],
                        [
                            -0.152,
                            3.199
                        ]
                    ]
                ]
            }
        },
        {
            "type": "Feature",
            "properties": {
                "id": 176,
                "startid": 88,
                "endid": 89,
                "weight": 1.0
            },
            "geometry": {
                "type": "MultiLineString",
                "coordinates": [
                    [
                        [
                            -0.053,
                            3.199
                        ],
                        [
                            0.045,
                            3.199
                        ]
                    ]
                ]
            }
        },
        {
            "type": "Feature",
            "properties": {
                "id": 177,
                "startid": 89,
                "endid": 88,
                "weight": 1.0
            },
            "geometry": {
                "type": "MultiLineString",
                "coordinates": [
                    [
                        [
                            0.045,
                            3.199
                        ],
                        [
                            -0.053,
                            3.199
                        ]
                    ]
                ]
            }
        },
        {
            "type": "Feature",
            "properties": {
                "id": 178,
                "startid": 89,
                "endid": 90,
                "weight": 1.0
            },
            "geometry": {
                "type": "MultiLineString",
                "coordinates": [
                    [
                        [
                            0.045,
                            3.199
                        ],
                        [
                            0.144,
                            3.199
                        ]
                    ]
                ]
            }
        },
        {
            "type": "Feature",
            "properties": {
                "id": 179,
                "startid": 90,
                "endid": 89,
                "weight": 1.0
            },
            "geometry": {
                "type": "MultiLineString",
                "coordinates": [
                    [
                        [
                            0.144,
                            3.199
                        ],
                        [
                            0.045,
                            3.199
                        ]
                    ]
                ]
            }
        },
        {
            "type": "Feature",
            "properties": {
                "id": 180,
                "startid": 90,
                "endid": 91,
                "weight": 1.0
            },
            "geometry": {
                "type": "MultiLineString",
                "coordinates": [
                    [
                        [
                            0.144,
                            3.199
                        ],
                        [
                            0.243,
                            3.198
                        ]
                    ]
                ]
            }
        },
        {
            "type": "Feature",
            "properties": {
                "id": 181,
                "startid": 91,
                "endid": 90,
                "weight": 1.0
            },
            "geometry": {
                "type": "MultiLineString",
                "coordinates": [
                    [
                        [
                            0.243,
                            3.198
                        ],
                        [
                            0.144,
                            3.199
                        ]
                    ]
                ]
            }
        },
        {
            "type": "Feature",
            "properties": {
                "id": 182,
                "startid": 91,
                "endid": 92,
                "weight": 1.0
            },
            "geometry": {
                "type": "MultiLineString",
                "coordinates": [
                    [
                        [
                            0.243,
                            3.198
                        ],
                        [
                            0.342,
                            3.198
                        ]
                    ]
                ]
            }
        },
        {
            "type": "Feature",
            "properties": {
                "id": 183,
                "startid": 92,
                "endid": 91,
                "weight": 1.0
            },
            "geometry": {
                "type": "MultiLineString",
                "coordinates": [
                    [
                        [
                            0.342,
                            3.198
                        ],
                        [
                            0.243,
                            3.198
                        ]
                    ]
                ]
            }
        },
        {
            "type": "Feature",
            "properties": {
                "id": 184,
                "startid": 92,
                "endid": 93,
                "weight": 1.0
            },
            "geometry": {
                "type": "MultiLineString",
                "coordinates": [
                    [
                        [
                            0.342,
                            3.198
                        ],
                        [
                            0.441,
                            3.198
                        ]
                    ]
                ]
            }
        },
        {
            "type": "Feature",
            "properties": {
                "id": 185,
                "startid": 93,
                "endid": 92,
                "weight": 1.0
            },
            "geometry": {
                "type": "MultiLineString",
                "coordinates": [
                    [
                        [
                            0.441,
                            3.198
                        ],
                        [
                            0.342,
                            3.198
                        ]
                    ]
                ]
            }
        },
        {
            "type": "Feature",
            "properties": {
                "id": 186,
                "startid": 93,
                "endid": 94,
                "weight": 1.0
            },
            "geometry": {
                "type": "MultiLineString",
                "coordinates": [
                    [
                        [
                            0.441,
                            3.198
                        ],
                        [
                            0.54,
                            3.198
                        ]
                    ]
                ]
            }
        },
        {
            "type": "Feature",
            "properties": {
                "id": 187,
                "startid": 94,
                "endid": 93,
                "weight": 1.0
            },
            "geometry": {
                "type": "MultiLineString",
                "coordinates": [
                    [
                        [
                            0.54,
                            3.198
                        ],
                        [
                            0.441,
                            3.198
                        ]
                    ]
                ]
            }
        },
        {
            "type": "Feature",
            "properties": {
                "id": 188,
                "startid": 94,
                "endid": 95,
                "weight": 1.0
            },
            "geometry": {
                "type": "MultiLineString",
                "coordinates": [
                    [
                        [
                            0.54,
                            3.198
                        ],
                        [
                            0.639,
                            3.198
                        ]
                    ]
                ]
            }
        },
        {
            "type": "Feature",
            "properties": {
                "id": 189,
                "startid": 95,
                "endid": 94,
                "weight": 1.0
            },
            "geometry": {
                "type": "MultiLineString",
                "coordinates": [
                    [
                        [
                            0.639,
                            3.198
                        ],
                        [
                            0.54,
                            3.198
                        ]
                    ]
                ]
            }
        },
        {
            "type": "Feature",
            "properties": {
                "id": 190,
                "startid": 95,
                "endid": 96,
                "weight": 1.0
            },
            "geometry": {
                "type": "MultiLineString",
                "coordinates": [
                    [
                        [
                            0.639,
                            3.198
                        ],
                        [
                            0.738,
                            3.198
                        ]
                    ]
                ]
            }
        },
        {
            "type": "Feature",
            "properties": {
                "id": 191,
                "startid": 96,
                "endid": 95,
                "weight": 1.0
            },
            "geometry": {
                "type": "MultiLineString",
                "coordinates": [
                    [
                        [
                            0.738,
                            3.198
                        ],
                        [
                            0.639,
                            3.198
                        ]
                    ]
                ]
            }
        },
        {
            "type": "Feature",
            "properties": {
                "id": 192,
                "startid": 96,
                "endid": 97,
                "weight": 1.0
            },
            "geometry": {
                "type": "MultiLineString",
                "coordinates": [
                    [
                        [
                            0.738,
                            3.198
                        ],
                        [
                            0.838,
                            3.198
                        ]
                    ]
                ]
            }
        },
        {
            "type": "Feature",
            "properties": {
                "id": 193,
                "startid": 97,
                "endid": 96,
                "weight": 1.0
            },
            "geometry": {
                "type": "MultiLineString",
                "coordinates": [
                    [
                        [
                            0.838,
                            3.198
                        ],
                        [
                            0.738,
                            3.198
                        ]
                    ]
                ]
            }
        },
        {
            "type": "Feature",
            "properties": {
                "id": 194,
                "startid": 97,
                "endid": 98,
                "weight": 1.0
            },
            "geometry": {
                "type": "MultiLineString",
                "coordinates": [
                    [
                        [
                            0.838,
                            3.198
                        ],
                        [
                            0.937,
                            3.198
                        ]
                    ]
                ]
            }
        },
        {
            "type": "Feature",
            "properties": {
                "id": 195,
                "startid": 98,
                "endid": 97,
                "weight": 1.0
            },
            "geometry": {
                "type": "MultiLineString",
                "coordinates": [
                    [
                        [
                            0.937,
                            3.198
                        ],
                        [
                            0.838,
                            3.198
                        ]
                    ]
                ]
            }
        },
        {
            "type": "Feature",
            "properties": {
                "id": 196,
                "startid": 98,
                "endid": 99,
                "weight": 1.0
            },
            "geometry": {
                "type": "MultiLineString",
                "coordinates": [
                    [
                        [
                            0.937,
                            3.198
                        ],
                        [
                            1.036,
                            3.198
                        ]
                    ]
                ]
            }
        },
        {
            "type": "Feature",
            "properties": {
                "id": 197,
                "startid": 99,
                "endid": 98,
                "weight": 1.0
            },
            "geometry": {
                "type": "MultiLineString",
                "coordinates": [
                    [
                        [
                            1.036,
                            3.198
                        ],
                        [
                            0.937,
                            3.198
                        ]
                    ]
                ]
            }
        },
        {
            "type": "Feature",
            "properties": {
                "id": 198,
                "startid": 99,
                "endid": 100,
                "weight": 1.0
            },
            "geometry": {
                "type": "MultiLineString",
                "coordinates": [
                    [
                        [
                            1.036,
                            3.198
                        ],
                        [
                            1.135,
                            3.197
                        ]
                    ]
                ]
            }
        },
        {
            "type": "Feature",
            "properties": {
                "id": 199,
                "startid": 100,
                "endid": 99,
                "weight": 1.0
            },
            "geometry": {
                "type": "MultiLineString",
                "coordinates": [
                    [
                        [
                            1.135,
                            3.197
                        ],
                        [
                            1.036,
                            3.198
                        ]
                    ]
                ]
            }
        },
        {
            "type": "Feature",
            "properties": {
                "id": 200,
                "startid": 100,
                "endid": 101,
                "weight": 1.0
            },
            "geometry": {
                "type": "MultiLineString",
                "coordinates": [
                    [
                        [
                            1.135,
                            3.197
                        ],
                        [
                            1.234,
                            3.197
                        ]
                    ]
                ]
            }
        },
        {
            "type": "Feature",
            "properties": {
                "id": 201,
                "startid": 101,
                "endid": 100,
                "weight": 1.0
            },
            "geometry": {
                "type": "MultiLineString",
                "coordinates": [
                    [
                        [
                            1.234,
                            3.197
                        ],
                        [
                            1.135,
                            3.197
                        ]
                    ]
                ]
            }
        },
        {
            "type": "Feature",
            "properties": {
                "id": 202,
                "startid": 101,
                "endid": 102,
                "weight": 1.0
            },
            "geometry": {
                "type": "MultiLineString",
                "coordinates": [
                    [
                        [
                            1.234,
                            3.197
                        ],
                        [
                            1.333,
                            3.197
                        ]
                    ]
                ]
            }
        },
        {
            "type": "Feature",
            "properties": {
                "id": 203,
                "startid": 102,
                "endid": 101,
                "weight": 1.0
            },
            "geometry": {
                "type": "MultiLineString",
                "coordinates": [
                    [
                        [
                            1.333,
                            3.197
                        ],
                        [
                            1.234,
                            3.197
                        ]
                    ]
                ]
            }
        },
        {
            "type": "Feature",
            "properties": {
                "id": 204,
                "startid": 102,
                "endid": 103,
                "weight": 1.0
            },
            "geometry": {
                "type": "MultiLineString",
                "coordinates": [
                    [
                        [
                            1.333,
                            3.197
                        ],
                        [
                            1.432,
                            3.197
                        ]
                    ]
                ]
            }
        },
        {
            "type": "Feature",
            "properties": {
                "id": 205,
                "startid": 103,
                "endid": 102,
                "weight": 1.0
            },
            "geometry": {
                "type": "MultiLineString",
                "coordinates": [
                    [
                        [
                            1.432,
                            3.197
                        ],
                        [
                            1.333,
                            3.197
                        ]
                    ]
                ]
            }
        },
        {
            "type": "Feature",
            "properties": {
                "id": 206,
                "startid": 103,
                "endid": 104,
                "weight": 1.0
            },
            "geometry": {
                "type": "MultiLineString",
                "coordinates": [
                    [
                        [
                            1.432,
                            3.197
                        ],
                        [
                            1.531,
                            3.197
                        ]
                    ]
                ]
            }
        },
        {
            "type": "Feature",
            "properties": {
                "id": 207,
                "startid": 104,
                "endid": 103,
                "weight": 1.0
            },
            "geometry": {
                "type": "MultiLineString",
                "coordinates": [
                    [
                        [
                            1.531,
                            3.197
                        ],
                        [
                            1.432,
                            3.197
                        ]
                    ]
                ]
            }
        },
        {
            "type": "Feature",
            "properties": {
                "id": 208,
                "startid": 104,
                "endid": 105,
                "weight": 1.0
            },
            "geometry": {
                "type": "MultiLineString",
                "coordinates": [
                    [
                        [
                            1.531,
                            3.197
                        ],
                        [
                            1.63,
                            3.197
                        ]
                    ]
                ]
            }
        },
        {
            "type": "Feature",
            "properties": {
                "id": 209,
                "startid": 105,
                "endid": 104,
                "weight": 1.0
            },
            "geometry": {
                "type": "MultiLineString",
                "coordinates": [
                    [
                        [
                            1.63,
                            3.197
                        ],
                        [
                            1.531,
                            3.197
                        ]
                    ]
                ]
            }
        },
        {
            "type": "Feature",
            "properties": {
                "id": 210,
                "startid": 105,
                "endid": 106,
                "weight": 1.0
            },
            "geometry": {
                "type": "MultiLineString",
                "coordinates": [
                    [
                        [
                            1.63,
                            3.197
                        ],
                        [
                            1.729,
                            3.197
                        ]
                    ]
                ]
            }
        },
        {
            "type": "Feature",
            "properties": {
                "id": 211,
                "startid": 106,
                "endid": 105,
                "weight": 1.0
            },
            "geometry": {
                "type": "MultiLineString",
                "coordinates": [
                    [
                        [
                            1.729,
                            3.197
                        ],
                        [
                            1.63,
                            3.197
                        ]
                    ]
                ]
            }
        },
        {
            "type": "Feature",
            "properties": {
                "id": 212,
                "startid": 106,
                "endid": 107,
                "weight": 1.0
            },
            "geometry": {
                "type": "MultiLineString",
                "coordinates": [
                    [
                        [
                            1.729,
                            3.197
                        ],
                        [
                            1.828,
                            3.197
                        ]
                    ]
                ]
            }
        },
        {
            "type": "Feature",
            "properties": {
                "id": 213,
                "startid": 107,
                "endid": 106,
                "weight": 1.0
            },
            "geometry": {
                "type": "MultiLineString",
                "coordinates": [
                    [
                        [
                            1.828,
                            3.197
                        ],
                        [
                            1.729,
                            3.197
                        ]
                    ]
                ]
            }
        },
        {
            "type": "Feature",
            "properties": {
                "id": 214,
                "startid": 107,
                "endid": 108,
                "weight": 1.0
            },
            "geometry": {
                "type": "MultiLineString",
                "coordinates": [
                    [
                        [
                            1.828,
                            3.197
                        ],
                        [
                            1.927,
                            3.196
                        ]
                    ]
                ]
            }
        },
        {
            "type": "Feature",
            "properties": {
                "id": 215,
                "startid": 108,
                "endid": 107,
                "weight": 1.0
            },
            "geometry": {
                "type": "MultiLineString",
                "coordinates": [
                    [
                        [
                            1.927,
                            3.196
                        ],
                        [
                            1.828,
                            3.197
                        ]
                    ]
                ]
            }
        },
        {
            "type": "Feature",
            "properties": {
                "id": 216,
                "startid": 108,
                "endid": 109,
                "weight": 1.0
            },
            "geometry": {
                "type": "MultiLineString",
                "coordinates": [
                    [
                        [
                            1.927,
                            3.196
                        ],
                        [
                            2.027,
                            3.196
                        ]
                    ]
                ]
            }
        },
        {
            "type": "Feature",
            "properties": {
                "id": 217,
                "startid": 109,
                "endid": 108,
                "weight": 1.0
            },
            "geometry": {
                "type": "MultiLineString",
                "coordinates": [
                    [
                        [
                            2.027,
                            3.196
                        ],
                        [
                            1.927,
                            3.196
                        ]
                    ]
                ]
            }
        },
        {
            "type": "Feature",
            "properties": {
                "id": 218,
                "startid": 109,
                "endid": 110,
                "weight": 1.0
            },
            "geometry": {
                "type": "MultiLineString",
                "coordinates": [
                    [
                        [
                            2.027,
                            3.196
                        ],
                        [
                            2.126,
                            3.196
                        ]
                    ]
                ]
            }
        },
        {
            "type": "Feature",
            "properties": {
                "id": 219,
                "startid": 110,
                "endid": 109,
                "weight": 1.0
            },
            "geometry": {
                "type": "MultiLineString",
                "coordinates": [
                    [
                        [
                            2.126,
                            3.196
                        ],
                        [
                            2.027,
                            3.196
                        ]
                    ]
                ]
            }
        },
        {
            "type": "Feature",
            "properties": {
                "id": 220,
                "startid": 110,
                "endid": 111,
                "weight": 1.0
            },
            "geometry": {
                "type": "MultiLineString",
                "coordinates": [
                    [
                        [
                            2.126,
                            3.196
                        ],
                        [
                            2.225,
                            3.196
                        ]
                    ]
                ]
            }
        },
        {
            "type": "Feature",
            "properties": {
                "id": 221,
                "startid": 111,
                "endid": 110,
                "weight": 1.0
            },
            "geometry": {
                "type": "MultiLineString",
                "coordinates": [
                    [
                        [
                            2.225,
                            3.196
                        ],
                        [
                            2.126,
                            3.196
                        ]
                    ]
                ]
            }
        },
        {
            "type": "Feature",
            "properties": {
                "id": 222,
                "startid": 111,
                "endid": 112,
                "weight": 1.0
            },
            "geometry": {
                "type": "MultiLineString",
                "coordinates": [
                    [
                        [
                            2.225,
                            3.196
                        ],
                        [
                            2.324,
                            3.196
                        ]
                    ]
                ]
            }
        },
        {
            "type": "Feature",
            "properties": {
                "id": 223,
                "startid": 112,
                "endid": 111,
                "weight": 1.0
            },
            "geometry": {
                "type": "MultiLineString",
                "coordinates": [
                    [
                        [
                            2.324,
                            3.196
                        ],
                        [
                            2.225,
                            3.196
                        ]
                    ]
                ]
            }
        },
        {
            "type": "Feature",
            "properties": {
                "id": 224,
                "startid": 112,
                "endid": 113,
                "weight": 1.0
            },
            "geometry": {
                "type": "MultiLineString",
                "coordinates": [
                    [
                        [
                            2.324,
                            3.196
                        ],
                        [
                            2.423,
                            3.196
                        ]
                    ]
                ]
            }
        },
        {
            "type": "Feature",
            "properties": {
                "id": 225,
                "startid": 113,
                "endid": 112,
                "weight": 1.0
            },
            "geometry": {
                "type": "MultiLineString",
                "coordinates": [
                    [
                        [
                            2.423,
                            3.196
                        ],
                        [
                            2.324,
                            3.196
                        ]
                    ]
                ]
            }
        },
        {
            "type": "Feature",
            "properties": {
                "id": 226,
                "startid": 113,
                "endid": 114,
                "weight": 1.0
            },
            "geometry": {
                "type": "MultiLineString",
                "coordinates": [
                    [
                        [
                            2.423,
                            3.196
                        ],
                        [
                            2.522,
                            3.196
                        ]
                    ]
                ]
            }
        },
        {
            "type": "Feature",
            "properties": {
                "id": 227,
                "startid": 114,
                "endid": 113,
                "weight": 1.0
            },
            "geometry": {
                "type": "MultiLineString",
                "coordinates": [
                    [
                        [
                            2.522,
                            3.196
                        ],
                        [
                            2.423,
                            3.196
                        ]
                    ]
                ]
            }
        },
        {
            "type": "Feature",
            "properties": {
                "id": 228,
                "startid": 114,
                "endid": 115,
                "weight": 1.0
            },
            "geometry": {
                "type": "MultiLineString",
                "coordinates": [
                    [
                        [
                            2.522,
                            3.196
                        ],
                        [
                            2.621,
                            3.196
                        ]
                    ]
                ]
            }
        },
        {
            "type": "Feature",
            "properties": {
                "id": 229,
                "startid": 115,
                "endid": 114,
                "weight": 1.0
            },
            "geometry": {
                "type": "MultiLineString",
                "coordinates": [
                    [
                        [
                            2.621,
                            3.196
                        ],
                        [
                            2.522,
                            3.196
                        ]
                    ]
                ]
            }
        },
        {
            "type": "Feature",
            "properties": {
                "id": 230,
                "startid": 115,
                "endid": 116,
                "weight": 1.0
            },
            "geometry": {
                "type": "MultiLineString",
                "coordinates": [
                    [
                        [
                            2.621,
                            3.196
                        ],
                        [
                            2.72,
                            3.195
                        ]
                    ]
                ]
            }
        },
        {
            "type": "Feature",
            "properties": {
                "id": 231,
                "startid": 116,
                "endid": 115,
                "weight": 1.0
            },
            "geometry": {
                "type": "MultiLineString",
                "coordinates": [
                    [
                        [
                            2.72,
                            3.195
                        ],
                        [
                            2.621,
                            3.196
                        ]
                    ]
                ]
            }
        },
        {
            "type": "Feature",
            "properties": {
                "id": 232,
                "startid": 116,
                "endid": 117,
                "weight": 1.0
            },
            "geometry": {
                "type": "MultiLineString",
                "coordinates": [
                    [
                        [
                            2.72,
                            3.195
                        ],
                        [
                            2.819,
                            3.195
                        ]
                    ]
                ]
            }
        },
        {
            "type": "Feature",
            "properties": {
                "id": 233,
                "startid": 117,
                "endid": 116,
                "weight": 1.0
            },
            "geometry": {
                "type": "MultiLineString",
                "coordinates": [
                    [
                        [
                            2.819,
                            3.195
                        ],
                        [
                            2.72,
                            3.195
                        ]
                    ]
                ]
            }
        },
        {
            "type": "Feature",
            "properties": {
                "id": 234,
                "startid": 117,
                "endid": 118,
                "weight": 1.0
            },
            "geometry": {
                "type": "MultiLineString",
                "coordinates": [
                    [
                        [
                            2.819,
                            3.195
                        ],
                        [
                            2.918,
                            3.195
                        ]
                    ]
                ]
            }
        },
        {
            "type": "Feature",
            "properties": {
                "id": 235,
                "startid": 118,
                "endid": 117,
                "weight": 1.0
            },
            "geometry": {
                "type": "MultiLineString",
                "coordinates": [
                    [
                        [
                            2.918,
                            3.195
                        ],
                        [
                            2.819,
                            3.195
                        ]
                    ]
                ]
            }
        },
        {
            "type": "Feature",
            "properties": {
                "id": 236,
                "startid": 118,
                "endid": 119,
                "weight": 1.0
            },
            "geometry": {
                "type": "MultiLineString",
                "coordinates": [
                    [
                        [
                            2.918,
                            3.195
                        ],
                        [
                            3.017,
                            3.195
                        ]
                    ]
                ]
            }
        },
        {
            "type": "Feature",
            "properties": {
                "id": 237,
                "startid": 119,
                "endid": 118,
                "weight": 1.0
            },
            "geometry": {
                "type": "MultiLineString",
                "coordinates": [
                    [
                        [
                            3.017,
                            3.195
                        ],
                        [
                            2.918,
                            3.195
                        ]
                    ]
                ]
            }
        },
        {
            "type": "Feature",
            "properties": {
                "id": 238,
                "startid": 119,
                "endid": 120,
                "weight": 1.0
            },
            "geometry": {
                "type": "MultiLineString",
                "coordinates": [
                    [
                        [
                            3.017,
                            3.195
                        ],
                        [
                            3.116,
                            3.195
                        ]
                    ]
                ]
            }
        },
        {
            "type": "Feature",
            "properties": {
                "id": 239,
                "startid": 120,
                "endid": 119,
                "weight": 1.0
            },
            "geometry": {
                "type": "MultiLineString",
                "coordinates": [
                    [
                        [
                            3.116,
                            3.195
                        ],
                        [
                            3.017,
                            3.195
                        ]
                    ]
                ]
            }
        },
        {
            "type": "Feature",
            "properties": {
                "id": 240,
                "startid": 120,
                "endid": 121,
                "weight": 1.0
            },
            "geometry": {
                "type": "MultiLineString",
                "coordinates": [
                    [
                        [
                            3.116,
                            3.195
                        ],
                        [
                            3.216,
                            3.195
                        ]
                    ]
                ]
            }
        },
        {
            "type": "Feature",
            "properties": {
                "id": 241,
                "startid": 121,
                "endid": 120,
                "weight": 1.0
            },
            "geometry": {
                "type": "MultiLineString",
                "coordinates": [
                    [
                        [
                            3.216,
                            3.195
                        ],
                        [
                            3.116,
                            3.195
                        ]
                    ]
                ]
            }
        },
        {
            "type": "Feature",
            "properties": {
                "id": 242,
                "startid": 121,
                "endid": 122,
                "weight": 1.0
            },
            "geometry": {
                "type": "MultiLineString",
                "coordinates": [
                    [
                        [
                            3.216,
                            3.195
                        ],
                        [
                            3.315,
                            3.195
                        ]
                    ]
                ]
            }
        },
        {
            "type": "Feature",
            "properties": {
                "id": 243,
                "startid": 122,
                "endid": 121,
                "weight": 1.0
            },
            "geometry": {
                "type": "MultiLineString",
                "coordinates": [
                    [
                        [
                            3.315,
                            3.195
                        ],
                        [
                            3.216,
                            3.195
                        ]
                    ]
                ]
            }
        },
        {
            "type": "Feature",
            "properties": {
                "id": 244,
                "startid": 122,
                "endid": 123,
                "weight": 1.0
            },
            "geometry": {
                "type": "MultiLineString",
                "coordinates": [
                    [
                        [
                            3.315,
                            3.195
                        ],
                        [
                            3.414,
                            3.195
                        ]
                    ]
                ]
            }
        },
        {
            "type": "Feature",
            "properties": {
                "id": 245,
                "startid": 123,
                "endid": 122,
                "weight": 1.0
            },
            "geometry": {
                "type": "MultiLineString",
                "coordinates": [
                    [
                        [
                            3.414,
                            3.195
                        ],
                        [
                            3.315,
                            3.195
                        ]
                    ]
                ]
            }
        },
        {
            "type": "Feature",
            "properties": {
                "id": 246,
                "startid": 123,
                "endid": 124,
                "weight": 1.0
            },
            "geometry": {
                "type": "MultiLineString",
                "coordinates": [
                    [
                        [
                            3.414,
                            3.195
                        ],
                        [
                            3.513,
                            3.194
                        ]
                    ]
                ]
            }
        },
        {
            "type": "Feature",
            "properties": {
                "id": 247,
                "startid": 124,
                "endid": 123,
                "weight": 1.0
            },
            "geometry": {
                "type": "MultiLineString",
                "coordinates": [
                    [
                        [
                            3.513,
                            3.194
                        ],
                        [
                            3.414,
                            3.195
                        ]
                    ]
                ]
            }
        },
        {
            "type": "Feature",
            "properties": {
                "id": 248,
                "startid": 124,
                "endid": 125,
                "weight": 1.0
            },
            "geometry": {
                "type": "MultiLineString",
                "coordinates": [
                    [
                        [
                            3.513,
                            3.194
                        ],
                        [
                            3.612,
                            3.194
                        ]
                    ]
                ]
            }
        },
        {
            "type": "Feature",
            "properties": {
                "id": 249,
                "startid": 125,
                "endid": 124,
                "weight": 1.0
            },
            "geometry": {
                "type": "MultiLineString",
                "coordinates": [
                    [
                        [
                            3.612,
                            3.194
                        ],
                        [
                            3.513,
                            3.194
                        ]
                    ]
                ]
            }
        },
        {
            "type": "Feature",
            "properties": {
                "id": 250,
                "startid": 125,
                "endid": 126,
                "weight": 1.0
            },
            "geometry": {
                "type": "MultiLineString",
                "coordinates": [
                    [
                        [
                            3.612,
                            3.194
                        ],
                        [
                            3.711,
                            3.194
                        ]
                    ]
                ]
            }
        },
        {
            "type": "Feature",
            "properties": {
                "id": 251,
                "startid": 126,
                "endid": 125,
                "weight": 1.0
            },
            "geometry": {
                "type": "MultiLineString",
                "coordinates": [
                    [
                        [
                            3.711,
                            3.194
                        ],
                        [
                            3.612,
                            3.194
                        ]
                    ]
                ]
            }
        },
        {
            "type": "Feature",
            "properties": {
                "id": 252,
                "startid": 126,
                "endid": 127,
                "weight": 1.0
            },
            "geometry": {
                "type": "MultiLineString",
                "coordinates": [
                    [
                        [
                            3.711,
                            3.194
                        ],
                        [
                            3.81,
                            3.194
                        ]
                    ]
                ]
            }
        },
        {
            "type": "Feature",
            "properties": {
                "id": 253,
                "startid": 127,
                "endid": 126,
                "weight": 1.0
            },
            "geometry": {
                "type": "MultiLineString",
                "coordinates": [
                    [
                        [
                            3.81,
                            3.194
                        ],
                        [
                            3.711,
                            3.194
                        ]
                    ]
                ]
            }
        },
        {
            "type": "Feature",
            "properties": {
                "id": 254,
                "startid": 127,
                "endid": 128,
                "weight": 1.0
            },
            "geometry": {
                "type": "MultiLineString",
                "coordinates": [
                    [
                        [
                            3.81,
                            3.194
                        ],
                        [
                            3.909,
                            3.194
                        ]
                    ]
                ]
            }
        },
        {
            "type": "Feature",
            "properties": {
                "id": 255,
                "startid": 128,
                "endid": 127,
                "weight": 1.0
            },
            "geometry": {
                "type": "MultiLineString",
                "coordinates": [
                    [
                        [
                            3.909,
                            3.194
                        ],
                        [
                            3.81,
                            3.194
                        ]
                    ]
                ]
            }
        },
        {
            "type": "Feature",
            "properties": {
                "id": 256,
                "startid": 128,
                "endid": 129,
                "weight": 1.0
            },
            "geometry": {
                "type": "MultiLineString",
                "coordinates": [
                    [
                        [
                            3.909,
                            3.194
                        ],
                        [
                            4.008,
                            3.194
                        ]
                    ]
                ]
            }
        },
        {
            "type": "Feature",
            "properties": {
                "id": 257,
                "startid": 129,
                "endid": 128,
                "weight": 1.0
            },
            "geometry": {
                "type": "MultiLineString",
                "coordinates": [
                    [
                        [
                            4.008,
                            3.194
                        ],
                        [
                            3.909,
                            3.194
                        ]
                    ]
                ]
            }
        },
        {
            "type": "Feature",
            "properties": {
                "id": 258,
                "startid": 129,
                "endid": 130,
                "weight": 1.0
            },
            "geometry": {
                "type": "MultiLineString",
                "coordinates": [
                    [
                        [
                            4.008,
                            3.194
                        ],
                        [
                            4.008,
                            3.096
                        ]
                    ]
                ]
            }
        },
        {
            "type": "Feature",
            "properties": {
                "id": 259,
                "startid": 130,
                "endid": 129,
                "weight": 1.0
            },
            "geometry": {
                "type": "MultiLineString",
                "coordinates": [
                    [
                        [
                            4.008,
                            3.096
                        ],
                        [
                            4.008,
                            3.194
                        ]
                    ]
                ]
            }
        },
        {
            "type": "Feature",
            "properties": {
                "id": 260,
                "startid": 130,
                "endid": 131,
                "weight": 1.0
            },
            "geometry": {
                "type": "MultiLineString",
                "coordinates": [
                    [
                        [
                            4.008,
                            3.096
                        ],
                        [
                            4.008,
                            2.998
                        ]
                    ]
                ]
            }
        },
        {
            "type": "Feature",
            "properties": {
                "id": 261,
                "startid": 131,
                "endid": 130,
                "weight": 1.0
            },
            "geometry": {
                "type": "MultiLineString",
                "coordinates": [
                    [
                        [
                            4.008,
                            2.998
                        ],
                        [
                            4.008,
                            3.096
                        ]
                    ]
                ]
            }
        },
        {
            "type": "Feature",
            "properties": {
                "id": 262,
                "startid": 131,
                "endid": 132,
                "weight": 1.0
            },
            "geometry": {
                "type": "MultiLineString",
                "coordinates": [
                    [
                        [
                            4.008,
                            2.998
                        ],
                        [
                            4.008,
                            2.9
                        ]
                    ]
                ]
            }
        },
        {
            "type": "Feature",
            "properties": {
                "id": 263,
                "startid": 132,
                "endid": 131,
                "weight": 1.0
            },
            "geometry": {
                "type": "MultiLineString",
                "coordinates": [
                    [
                        [
                            4.008,
                            2.9
                        ],
                        [
                            4.008,
                            2.998
                        ]
                    ]
                ]
            }
        },
        {
            "type": "Feature",
            "properties": {
                "id": 264,
                "startid": 132,
                "endid": 133,
                "weight": 1.0
            },
            "geometry": {
                "type": "MultiLineString",
                "coordinates": [
                    [
                        [
                            4.008,
                            2.9
                        ],
                        [
                            4.008,
                            2.802
                        ]
                    ]
                ]
            }
        },
        {
            "type": "Feature",
            "properties": {
                "id": 265,
                "startid": 133,
                "endid": 132,
                "weight": 1.0
            },
            "geometry": {
                "type": "MultiLineString",
                "coordinates": [
                    [
                        [
                            4.008,
                            2.802
                        ],
                        [
                            4.008,
                            2.9
                        ]
                    ]
                ]
            }
        },
        {
            "type": "Feature",
            "properties": {
                "id": 266,
                "startid": 133,
                "endid": 134,
                "weight": 1.0
            },
            "geometry": {
                "type": "MultiLineString",
                "coordinates": [
                    [
                        [
                            4.008,
                            2.802
                        ],
                        [
                            4.009,
                            2.704
                        ]
                    ]
                ]
            }
        },
        {
            "type": "Feature",
            "properties": {
                "id": 267,
                "startid": 134,
                "endid": 133,
                "weight": 1.0
            },
            "geometry": {
                "type": "MultiLineString",
                "coordinates": [
                    [
                        [
                            4.009,
                            2.704
                        ],
                        [
                            4.008,
                            2.802
                        ]
                    ]
                ]
            }
        },
        {
            "type": "Feature",
            "properties": {
                "id": 268,
                "startid": 134,
                "endid": 135,
                "weight": 1.0
            },
            "geometry": {
                "type": "MultiLineString",
                "coordinates": [
                    [
                        [
                            4.009,
                            2.704
                        ],
                        [
                            4.009,
                            2.606
                        ]
                    ]
                ]
            }
        },
        {
            "type": "Feature",
            "properties": {
                "id": 269,
                "startid": 135,
                "endid": 134,
                "weight": 1.0
            },
            "geometry": {
                "type": "MultiLineString",
                "coordinates": [
                    [
                        [
                            4.009,
                            2.606
                        ],
                        [
                            4.009,
                            2.704
                        ]
                    ]
                ]
            }
        },
        {
            "type": "Feature",
            "properties": {
                "id": 270,
                "startid": 135,
                "endid": 136,
                "weight": 1.0
            },
            "geometry": {
                "type": "MultiLineString",
                "coordinates": [
                    [
                        [
                            4.009,
                            2.606
                        ],
                        [
                            4.009,
                            2.508
                        ]
                    ]
                ]
            }
        },
        {
            "type": "Feature",
            "properties": {
                "id": 271,
                "startid": 136,
                "endid": 135,
                "weight": 1.0
            },
            "geometry": {
                "type": "MultiLineString",
                "coordinates": [
                    [
                        [
                            4.009,
                            2.508
                        ],
                        [
                            4.009,
                            2.606
                        ]
                    ]
                ]
            }
        },
        {
            "type": "Feature",
            "properties": {
                "id": 272,
                "startid": 136,
                "endid": 137,
                "weight": 1.0
            },
            "geometry": {
                "type": "MultiLineString",
                "coordinates": [
                    [
                        [
                            4.009,
                            2.508
                        ],
                        [
                            4.009,
                            2.41
                        ]
                    ]
                ]
            }
        },
        {
            "type": "Feature",
            "properties": {
                "id": 273,
                "startid": 137,
                "endid": 136,
                "weight": 1.0
            },
            "geometry": {
                "type": "MultiLineString",
                "coordinates": [
                    [
                        [
                            4.009,
                            2.41
                        ],
                        [
                            4.009,
                            2.508
                        ]
                    ]
                ]
            }
        },
        {
            "type": "Feature",
            "properties": {
                "id": 274,
                "startid": 137,
                "endid": 138,
                "weight": 1.0
            },
            "geometry": {
                "type": "MultiLineString",
                "coordinates": [
                    [
                        [
                            4.009,
                            2.41
                        ],
                        [
                            4.009,
                            2.312
                        ]
                    ]
                ]
            }
        },
        {
            "type": "Feature",
            "properties": {
                "id": 275,
                "startid": 138,
                "endid": 137,
                "weight": 1.0
            },
            "geometry": {
                "type": "MultiLineString",
                "coordinates": [
                    [
                        [
                            4.009,
                            2.312
                        ],
                        [
                            4.009,
                            2.41
                        ]
                    ]
                ]
            }
        },
        {
            "type": "Feature",
            "properties": {
                "id": 276,
                "startid": 138,
                "endid": 139,
                "weight": 1.0
            },
            "geometry": {
                "type": "MultiLineString",
                "coordinates": [
                    [
                        [
                            4.009,
                            2.312
                        ],
                        [
                            4.009,
                            2.214
                        ]
                    ]
                ]
            }
        },
        {
            "type": "Feature",
            "properties": {
                "id": 277,
                "startid": 139,
                "endid": 138,
                "weight": 1.0
            },
            "geometry": {
                "type": "MultiLineString",
                "coordinates": [
                    [
                        [
                            4.009,
                            2.214
                        ],
                        [
                            4.009,
                            2.312
                        ]
                    ]
                ]
            }
        },
        {
            "type": "Feature",
            "properties": {
                "id": 278,
                "startid": 139,
                "endid": 140,
                "weight": 1.0
            },
            "geometry": {
                "type": "MultiLineString",
                "coordinates": [
                    [
                        [
                            4.009,
                            2.214
                        ],
                        [
                            4.009,
                            2.116
                        ]
                    ]
                ]
            }
        },
        {
            "type": "Feature",
            "properties": {
                "id": 279,
                "startid": 140,
                "endid": 139,
                "weight": 1.0
            },
            "geometry": {
                "type": "MultiLineString",
                "coordinates": [
                    [
                        [
                            4.009,
                            2.116
                        ],
                        [
                            4.009,
                            2.214
                        ]
                    ]
                ]
            }
        },
        {
            "type": "Feature",
            "properties": {
                "id": 280,
                "startid": 140,
                "endid": 141,
                "weight": 1.0
            },
            "geometry": {
                "type": "MultiLineString",
                "coordinates": [
                    [
                        [
                            4.009,
                            2.116
                        ],
                        [
                            4.009,
                            2.018
                        ]
                    ]
                ]
            }
        },
        {
            "type": "Feature",
            "properties": {
                "id": 281,
                "startid": 141,
                "endid": 140,
                "weight": 1.0
            },
            "geometry": {
                "type": "MultiLineString",
                "coordinates": [
                    [
                        [
                            4.009,
                            2.018
                        ],
                        [
                            4.009,
                            2.116
                        ]
                    ]
                ]
            }
        },
        {
            "type": "Feature",
            "properties": {
                "id": 282,
                "startid": 141,
                "endid": 142,
                "weight": 1.0
            },
            "geometry": {
                "type": "MultiLineString",
                "coordinates": [
                    [
                        [
                            4.009,
                            2.018
                        ],
                        [
                            4.009,
                            1.92
                        ]
                    ]
                ]
            }
        },
        {
            "type": "Feature",
            "properties": {
                "id": 283,
                "startid": 142,
                "endid": 141,
                "weight": 1.0
            },
            "geometry": {
                "type": "MultiLineString",
                "coordinates": [
                    [
                        [
                            4.009,
                            1.92
                        ],
                        [
                            4.009,
                            2.018
                        ]
                    ]
                ]
            }
        },
        {
            "type": "Feature",
            "properties": {
                "id": 284,
                "startid": 142,
                "endid": 143,
                "weight": 1.0
            },
            "geometry": {
                "type": "MultiLineString",
                "coordinates": [
                    [
                        [
                            4.009,
                            1.92
                        ],
                        [
                            4.009,
                            1.822
                        ]
                    ]
                ]
            }
        },
        {
            "type": "Feature",
            "properties": {
                "id": 285,
                "startid": 143,
                "endid": 142,
                "weight": 1.0
            },
            "geometry": {
                "type": "MultiLineString",
                "coordinates": [
                    [
                        [
                            4.009,
                            1.822
                        ],
                        [
                            4.009,
                            1.92
                        ]
                    ]
                ]
            }
        },
        {
            "type": "Feature",
            "properties": {
                "id": 286,
                "startid": 143,
                "endid": 144,
                "weight": 1.0
            },
            "geometry": {
                "type": "MultiLineString",
                "coordinates": [
                    [
                        [
                            4.009,
                            1.822
                        ],
                        [
                            4.009,
                            1.723
                        ]
                    ]
                ]
            }
        },
        {
            "type": "Feature",
            "properties": {
                "id": 287,
                "startid": 144,
                "endid": 143,
                "weight": 1.0
            },
            "geometry": {
                "type": "MultiLineString",
                "coordinates": [
                    [
                        [
                            4.009,
                            1.723
                        ],
                        [
                            4.009,
                            1.822
                        ]
                    ]
                ]
            }
        },
        {
            "type": "Feature",
            "properties": {
                "id": 288,
                "startid": 144,
                "endid": 145,
                "weight": 1.0
            },
            "geometry": {
                "type": "MultiLineString",
                "coordinates": [
                    [
                        [
                            4.009,
                            1.723
                        ],
                        [
                            4.009,
                            1.625
                        ]
                    ]
                ]
            }
        },
        {
            "type": "Feature",
            "properties": {
                "id": 289,
                "startid": 145,
                "endid": 144,
                "weight": 1.0
            },
            "geometry": {
                "type": "MultiLineString",
                "coordinates": [
                    [
                        [
                            4.009,
                            1.625
                        ],
                        [
                            4.009,
                            1.723
                        ]
                    ]
                ]
            }
        },
        {
            "type": "Feature",
            "properties": {
                "id": 290,
                "startid": 145,
                "endid": 146,
                "weight": 1.0
            },
            "geometry": {
                "type": "MultiLineString",
                "coordinates": [
                    [
                        [
                            4.009,
                            1.625
                        ],
                        [
                            4.009,
                            1.527
                        ]
                    ]
                ]
            }
        },
        {
            "type": "Feature",
            "properties": {
                "id": 291,
                "startid": 146,
                "endid": 145,
                "weight": 1.0
            },
            "geometry": {
                "type": "MultiLineString",
                "coordinates": [
                    [
                        [
                            4.009,
                            1.527
                        ],
                        [
                            4.009,
                            1.625
                        ]
                    ]
                ]
            }
        },
        {
            "type": "Feature",
            "properties": {
                "id": 292,
                "startid": 146,
                "endid": 147,
                "weight": 1.0
            },
            "geometry": {
                "type": "MultiLineString",
                "coordinates": [
                    [
                        [
                            4.009,
                            1.527
                        ],
                        [
                            4.009,
                            1.429
                        ]
                    ]
                ]
            }
        },
        {
            "type": "Feature",
            "properties": {
                "id": 293,
                "startid": 147,
                "endid": 146,
                "weight": 1.0
            },
            "geometry": {
                "type": "MultiLineString",
                "coordinates": [
                    [
                        [
                            4.009,
                            1.429
                        ],
                        [
                            4.009,
                            1.527
                        ]
                    ]
                ]
            }
        },
        {
            "type": "Feature",
            "properties": {
                "id": 294,
                "startid": 147,
                "endid": 148,
                "weight": 1.0
            },
            "geometry": {
                "type": "MultiLineString",
                "coordinates": [
                    [
                        [
                            4.009,
                            1.429
                        ],
                        [
                            4.009,
                            1.331
                        ]
                    ]
                ]
            }
        },
        {
            "type": "Feature",
            "properties": {
                "id": 295,
                "startid": 148,
                "endid": 147,
                "weight": 1.0
            },
            "geometry": {
                "type": "MultiLineString",
                "coordinates": [
                    [
                        [
                            4.009,
                            1.331
                        ],
                        [
                            4.009,
                            1.429
                        ]
                    ]
                ]
            }
        },
        {
            "type": "Feature",
            "properties": {
                "id": 296,
                "startid": 148,
                "endid": 149,
                "weight": 1.0
            },
            "geometry": {
                "type": "MultiLineString",
                "coordinates": [
                    [
                        [
                            4.009,
                            1.331
                        ],
                        [
                            4.009,
                            1.233
                        ]
                    ]
                ]
            }
        },
        {
            "type": "Feature",
            "properties": {
                "id": 297,
                "startid": 149,
                "endid": 148,
                "weight": 1.0
            },
            "geometry": {
                "type": "MultiLineString",
                "coordinates": [
                    [
                        [
                            4.009,
                            1.233
                        ],
                        [
                            4.009,
                            1.331
                        ]
                    ]
                ]
            }
        },
        {
            "type": "Feature",
            "properties": {
                "id": 298,
                "startid": 149,
                "endid": 150,
                "weight": 1.0
            },
            "geometry": {
                "type": "MultiLineString",
                "coordinates": [
                    [
                        [
                            4.009,
                            1.233
                        ],
                        [
                            4.01,
                            1.135
                        ]
                    ]
                ]
            }
        },
        {
            "type": "Feature",
            "properties": {
                "id": 299,
                "startid": 150,
                "endid": 149,
                "weight": 1.0
            },
            "geometry": {
                "type": "MultiLineString",
                "coordinates": [
                    [
                        [
                            4.01,
                            1.135
                        ],
                        [
                            4.009,
                            1.233
                        ]
                    ]
                ]
            }
        },
        {
            "type": "Feature",
            "properties": {
                "id": 300,
                "startid": 150,
                "endid": 151,
                "weight": 1.0
            },
            "geometry": {
                "type": "MultiLineString",
                "coordinates": [
                    [
                        [
                            4.01,
                            1.135
                        ],
                        [
                            4.01,
                            1.037
                        ]
                    ]
                ]
            }
        },
        {
            "type": "Feature",
            "properties": {
                "id": 301,
                "startid": 151,
                "endid": 150,
                "weight": 1.0
            },
            "geometry": {
                "type": "MultiLineString",
                "coordinates": [
                    [
                        [
                            4.01,
                            1.037
                        ],
                        [
                            4.01,
                            1.135
                        ]
                    ]
                ]
            }
        },
        {
            "type": "Feature",
            "properties": {
                "id": 302,
                "startid": 151,
                "endid": 152,
                "weight": 1.0
            },
            "geometry": {
                "type": "MultiLineString",
                "coordinates": [
                    [
                        [
                            4.01,
                            1.037
                        ],
                        [
                            4.01,
                            0.939
                        ]
                    ]
                ]
            }
        },
        {
            "type": "Feature",
            "properties": {
                "id": 303,
                "startid": 152,
                "endid": 151,
                "weight": 1.0
            },
            "geometry": {
                "type": "MultiLineString",
                "coordinates": [
                    [
                        [
                            4.01,
                            0.939
                        ],
                        [
                            4.01,
                            1.037
                        ]
                    ]
                ]
            }
        },
        {
            "type": "Feature",
            "properties": {
                "id": 304,
                "startid": 152,
                "endid": 153,
                "weight": 1.0
            },
            "geometry": {
                "type": "MultiLineString",
                "coordinates": [
                    [
                        [
                            4.01,
                            0.939
                        ],
                        [
                            4.01,
                            0.841
                        ]
                    ]
                ]
            }
        },
        {
            "type": "Feature",
            "properties": {
                "id": 305,
                "startid": 153,
                "endid": 152,
                "weight": 1.0
            },
            "geometry": {
                "type": "MultiLineString",
                "coordinates": [
                    [
                        [
                            4.01,
                            0.841
                        ],
                        [
                            4.01,
                            0.939
                        ]
                    ]
                ]
            }
        },
        {
            "type": "Feature",
            "properties": {
                "id": 306,
                "startid": 153,
                "endid": 154,
                "weight": 1.0
            },
            "geometry": {
                "type": "MultiLineString",
                "coordinates": [
                    [
                        [
                            4.01,
                            0.841
                        ],
                        [
                            4.01,
                            0.743
                        ]
                    ]
                ]
            }
        },
        {
            "type": "Feature",
            "properties": {
                "id": 307,
                "startid": 154,
                "endid": 153,
                "weight": 1.0
            },
            "geometry": {
                "type": "MultiLineString",
                "coordinates": [
                    [
                        [
                            4.01,
                            0.743
                        ],
                        [
                            4.01,
                            0.841
                        ]
                    ]
                ]
            }
        },
        {
            "type": "Feature",
            "properties": {
                "id": 308,
                "startid": 154,
                "endid": 155,
                "weight": 1.0
            },
            "geometry": {
                "type": "MultiLineString",
                "coordinates": [
                    [
                        [
                            4.01,
                            0.743
                        ],
                        [
                            4.01,
                            0.645
                        ]
                    ]
                ]
            }
        },
        {
            "type": "Feature",
            "properties": {
                "id": 309,
                "startid": 155,
                "endid": 154,
                "weight": 1.0
            },
            "geometry": {
                "type": "MultiLineString",
                "coordinates": [
                    [
                        [
                            4.01,
                            0.645
                        ],
                        [
                            4.01,
                            0.743
                        ]
                    ]
                ]
            }
        },
        {
            "type": "Feature",
            "properties": {
                "id": 310,
                "startid": 155,
                "endid": 156,
                "weight": 1.0
            },
            "geometry": {
                "type": "MultiLineString",
                "coordinates": [
                    [
                        [
                            4.01,
                            0.645
                        ],
                        [
                            4.01,
                            0.547
                        ]
                    ]
                ]
            }
        },
        {
            "type": "Feature",
            "properties": {
                "id": 311,
                "startid": 156,
                "endid": 155,
                "weight": 1.0
            },
            "geometry": {
                "type": "MultiLineString",
                "coordinates": [
                    [
                        [
                            4.01,
                            0.547
                        ],
                        [
                            4.01,
                            0.645
                        ]
                    ]
                ]
            }
        },
        {
            "type": "Feature",
            "properties": {
                "id": 312,
                "startid": 156,
                "endid": 157,
                "weight": 1.0
            },
            "geometry": {
                "type": "MultiLineString",
                "coordinates": [
                    [
                        [
                            4.01,
                            0.547
                        ],
                        [
                            4.01,
                            0.449
                        ]
                    ]
                ]
            }
        },
        {
            "type": "Feature",
            "properties": {
                "id": 313,
                "startid": 157,
                "endid": 156,
                "weight": 1.0
            },
            "geometry": {
                "type": "MultiLineString",
                "coordinates": [
                    [
                        [
                            4.01,
                            0.449
                        ],
                        [
                            4.01,
                            0.547
                        ]
                    ]
                ]
            }
        },
        {
            "type": "Feature",
            "properties": {
                "id": 314,
                "startid": 157,
                "endid": 158,
                "weight": 1.0
            },
            "geometry": {
                "type": "MultiLineString",
                "coordinates": [
                    [
                        [
                            4.01,
                            0.449
                        ],
                        [
                            4.01,
                            0.351
                        ]
                    ]
                ]
            }
        },
        {
            "type": "Feature",
            "properties": {
                "id": 315,
                "startid": 158,
                "endid": 157,
                "weight": 1.0
            },
            "geometry": {
                "type": "MultiLineString",
                "coordinates": [
                    [
                        [
                            4.01,
                            0.351
                        ],
                        [
                            4.01,
                            0.449
                        ]
                    ]
                ]
            }
        },
        {
            "type": "Feature",
            "properties": {
                "id": 316,
                "startid": 158,
                "endid": 159,
                "weight": 1.0
            },
            "geometry": {
                "type": "MultiLineString",
                "coordinates": [
                    [
                        [
                            4.01,
                            0.351
                        ],
                        [
                            3.911,
                            0.349
                        ]
                    ]
                ]
            }
        },
        {
            "type": "Feature",
            "properties": {
                "id": 317,
                "startid": 159,
                "endid": 158,
                "weight": 1.0
            },
            "geometry": {
                "type": "MultiLineString",
                "coordinates": [
                    [
                        [
                            3.911,
                            0.349
                        ],
                        [
                            4.01,
                            0.351
                        ]
                    ]
                ]
            }
        },
        {
            "type": "Feature",
            "properties": {
                "id": 318,
                "startid": 159,
                "endid": 160,
                "weight": 1.0
            },
            "geometry": {
                "type": "MultiLineString",
                "coordinates": [
                    [
                        [
                            3.911,
                            0.349
                        ],
                        [
                            3.812,
                            0.347
                        ]
                    ]
                ]
            }
        },
        {
            "type": "Feature",
            "properties": {
                "id": 319,
                "startid": 160,
                "endid": 159,
                "weight": 1.0
            },
            "geometry": {
                "type": "MultiLineString",
                "coordinates": [
                    [
                        [
                            3.812,
                            0.347
                        ],
                        [
                            3.911,
                            0.349
                        ]
                    ]
                ]
            }
        },
        {
            "type": "Feature",
            "properties": {
                "id": 320,
                "startid": 160,
                "endid": 161,
                "weight": 1.0
            },
            "geometry": {
                "type": "MultiLineString",
                "coordinates": [
                    [
                        [
                            3.812,
                            0.347
                        ],
                        [
                            3.713,
                            0.345
                        ]
                    ]
                ]
            }
        },
        {
            "type": "Feature",
            "properties": {
                "id": 321,
                "startid": 161,
                "endid": 160,
                "weight": 1.0
            },
            "geometry": {
                "type": "MultiLineString",
                "coordinates": [
                    [
                        [
                            3.713,
                            0.345
                        ],
                        [
                            3.812,
                            0.347
                        ]
                    ]
                ]
            }
        },
        {
            "type": "Feature",
            "properties": {
                "id": 322,
                "startid": 161,
                "endid": 162,
                "weight": 1.0
            },
            "geometry": {
                "type": "MultiLineString",
                "coordinates": [
                    [
                        [
                            3.713,
                            0.345
                        ],
                        [
                            3.614,
                            0.343
                        ]
                    ]
                ]
            }
        },
        {
            "type": "Feature",
            "properties": {
                "id": 323,
                "startid": 162,
                "endid": 161,
                "weight": 1.0
            },
            "geometry": {
                "type": "MultiLineString",
                "coordinates": [
                    [
                        [
                            3.614,
                            0.343
                        ],
                        [
                            3.713,
                            0.345
                        ]
                    ]
                ]
            }
        },
        {
            "type": "Feature",
            "properties": {
                "id": 324,
                "startid": 162,
                "endid": 163,
                "weight": 1.0
            },
            "geometry": {
                "type": "MultiLineString",
                "coordinates": [
                    [
                        [
                            3.614,
                            0.343
                        ],
                        [
                            3.515,
                            0.341
                        ]
                    ]
                ]
            }
        },
        {
            "type": "Feature",
            "properties": {
                "id": 325,
                "startid": 163,
                "endid": 162,
                "weight": 1.0
            },
            "geometry": {
                "type": "MultiLineString",
                "coordinates": [
                    [
                        [
                            3.515,
                            0.341
                        ],
                        [
                            3.614,
                            0.343
                        ]
                    ]
                ]
            }
        },
        {
            "type": "Feature",
            "properties": {
                "id": 326,
                "startid": 163,
                "endid": 164,
                "weight": 1.0
            },
            "geometry": {
                "type": "MultiLineString",
                "coordinates": [
                    [
                        [
                            3.515,
                            0.341
                        ],
                        [
                            3.416,
                            0.339
                        ]
                    ]
                ]
            }
        },
        {
            "type": "Feature",
            "properties": {
                "id": 327,
                "startid": 164,
                "endid": 163,
                "weight": 1.0
            },
            "geometry": {
                "type": "MultiLineString",
                "coordinates": [
                    [
                        [
                            3.416,
                            0.339
                        ],
                        [
                            3.515,
                            0.341
                        ]
                    ]
                ]
            }
        },
        {
            "type": "Feature",
            "properties": {
                "id": 328,
                "startid": 164,
                "endid": 165,
                "weight": 1.0
            },
            "geometry": {
                "type": "MultiLineString",
                "coordinates": [
                    [
                        [
                            3.416,
                            0.339
                        ],
                        [
                            3.317,
                            0.337
                        ]
                    ]
                ]
            }
        },
        {
            "type": "Feature",
            "properties": {
                "id": 329,
                "startid": 165,
                "endid": 164,
                "weight": 1.0
            },
            "geometry": {
                "type": "MultiLineString",
                "coordinates": [
                    [
                        [
                            3.317,
                            0.337
                        ],
                        [
                            3.416,
                            0.339
                        ]
                    ]
                ]
            }
        },
        {
            "type": "Feature",
            "properties": {
                "id": 330,
                "startid": 165,
                "endid": 166,
                "weight": 1.0
            },
            "geometry": {
                "type": "MultiLineString",
                "coordinates": [
                    [
                        [
                            3.317,
                            0.337
                        ],
                        [
                            3.218,
                            0.335
                        ]
                    ]
                ]
            }
        },
        {
            "type": "Feature",
            "properties": {
                "id": 331,
                "startid": 166,
                "endid": 165,
                "weight": 1.0
            },
            "geometry": {
                "type": "MultiLineString",
                "coordinates": [
                    [
                        [
                            3.218,
                            0.335
                        ],
                        [
                            3.317,
                            0.337
                        ]
                    ]
                ]
            }
        },
        {
            "type": "Feature",
            "properties": {
                "id": 332,
                "startid": 166,
                "endid": 167,
                "weight": 1.0
            },
            "geometry": {
                "type": "MultiLineString",
                "coordinates": [
                    [
                        [
                            3.218,
                            0.335
                        ],
                        [
                            3.119,
                            0.333
                        ]
                    ]
                ]
            }
        },
        {
            "type": "Feature",
            "properties": {
                "id": 333,
                "startid": 167,
                "endid": 166,
                "weight": 1.0
            },
            "geometry": {
                "type": "MultiLineString",
                "coordinates": [
                    [
                        [
                            3.119,
                            0.333
                        ],
                        [
                            3.218,
                            0.335
                        ]
                    ]
                ]
            }
        },
        {
            "type": "Feature",
            "properties": {
                "id": 334,
                "startid": 167,
                "endid": 168,
                "weight": 1.0
            },
            "geometry": {
                "type": "MultiLineString",
                "coordinates": [
                    [
                        [
                            3.119,
                            0.333
                        ],
                        [
                            3.02,
                            0.331
                        ]
                    ]
                ]
            }
        },
        {
            "type": "Feature",
            "properties": {
                "id": 335,
                "startid": 168,
                "endid": 167,
                "weight": 1.0
            },
            "geometry": {
                "type": "MultiLineString",
                "coordinates": [
                    [
                        [
                            3.02,
                            0.331
                        ],
                        [
                            3.119,
                            0.333
                        ]
                    ]
                ]
            }
        },
        {
            "type": "Feature",
            "properties": {
                "id": 336,
                "startid": 168,
                "endid": 169,
                "weight": 1.0
            },
            "geometry": {
                "type": "MultiLineString",
                "coordinates": [
                    [
                        [
                            3.02,
                            0.331
                        ],
                        [
                            2.921,
                            0.329
                        ]
                    ]
                ]
            }
        },
        {
            "type": "Feature",
            "properties": {
                "id": 337,
                "startid": 169,
                "endid": 168,
                "weight": 1.0
            },
            "geometry": {
                "type": "MultiLineString",
                "coordinates": [
                    [
                        [
                            2.921,
                            0.329
                        ],
                        [
                            3.02,
                            0.331
                        ]
                    ]
                ]
            }
        },
        {
            "type": "Feature",
            "properties": {
                "id": 338,
                "startid": 169,
                "endid": 170,
                "weight": 1.0
            },
            "geometry": {
                "type": "MultiLineString",
                "coordinates": [
                    [
                        [
                            2.921,
                            0.329
                        ],
                        [
                            2.822,
                            0.327
                        ]
                    ]
                ]
            }
        },
        {
            "type": "Feature",
            "properties": {
                "id": 339,
                "startid": 170,
                "endid": 169,
                "weight": 1.0
            },
            "geometry": {
                "type": "MultiLineString",
                "coordinates": [
                    [
                        [
                            2.822,
                            0.327
                        ],
                        [
                            2.921,
                            0.329
                        ]
                    ]
                ]
            }
        },
        {
            "type": "Feature",
            "properties": {
                "id": 340,
                "startid": 170,
                "endid": 171,
                "weight": 1.0
            },
            "geometry": {
                "type": "MultiLineString",
                "coordinates": [
                    [
                        [
                            2.822,
                            0.327
                        ],
                        [
                            2.723,
                            0.325
                        ]
                    ]
                ]
            }
        },
        {
            "type": "Feature",
            "properties": {
                "id": 341,
                "startid": 171,
                "endid": 170,
                "weight": 1.0
            },
            "geometry": {
                "type": "MultiLineString",
                "coordinates": [
                    [
                        [
                            2.723,
                            0.325
                        ],
                        [
                            2.822,
                            0.327
                        ]
                    ]
                ]
            }
        },
        {
            "type": "Feature",
            "properties": {
                "id": 342,
                "startid": 171,
                "endid": 172,
                "weight": 1.0
            },
            "geometry": {
                "type": "MultiLineString",
                "coordinates": [
                    [
                        [
                            2.723,
                            0.325
                        ],
                        [
                            2.624,
                            0.323
                        ]
                    ]
                ]
            }
        },
        {
            "type": "Feature",
            "properties": {
                "id": 343,
                "startid": 172,
                "endid": 171,
                "weight": 1.0
            },
            "geometry": {
                "type": "MultiLineString",
                "coordinates": [
                    [
                        [
                            2.624,
                            0.323
                        ],
                        [
                            2.723,
                            0.325
                        ]
                    ]
                ]
            }
        },
        {
            "type": "Feature",
            "properties": {
                "id": 344,
                "startid": 172,
                "endid": 173,
                "weight": 1.0
            },
            "geometry": {
                "type": "MultiLineString",
                "coordinates": [
                    [
                        [
                            2.624,
                            0.323
                        ],
                        [
                            2.525,
                            0.321
                        ]
                    ]
                ]
            }
        },
        {
            "type": "Feature",
            "properties": {
                "id": 345,
                "startid": 173,
                "endid": 172,
                "weight": 1.0
            },
            "geometry": {
                "type": "MultiLineString",
                "coordinates": [
                    [
                        [
                            2.525,
                            0.321
                        ],
                        [
                            2.624,
                            0.323
                        ]
                    ]
                ]
            }
        },
        {
            "type": "Feature",
            "properties": {
                "id": 346,
                "startid": 173,
                "endid": 174,
                "weight": 1.0
            },
            "geometry": {
                "type": "MultiLineString",
                "coordinates": [
                    [
                        [
                            2.525,
                            0.321
                        ],
                        [
                            2.426,
                            0.319
                        ]
                    ]
                ]
            }
        },
        {
            "type": "Feature",
            "properties": {
                "id": 347,
                "startid": 174,
                "endid": 173,
                "weight": 1.0
            },
            "geometry": {
                "type": "MultiLineString",
                "coordinates": [
                    [
                        [
                            2.426,
                            0.319
                        ],
                        [
                            2.525,
                            0.321
                        ]
                    ]
                ]
            }
        },
        {
            "type": "Feature",
            "properties": {
                "id": 348,
                "startid": 174,
                "endid": 175,
                "weight": 1.0
            },
            "geometry": {
                "type": "MultiLineString",
                "coordinates": [
                    [
                        [
                            2.426,
                            0.319
                        ],
                        [
                            2.327,
                            0.317
                        ]
                    ]
                ]
            }
        },
        {
            "type": "Feature",
            "properties": {
                "id": 349,
                "startid": 175,
                "endid": 174,
                "weight": 1.0
            },
            "geometry": {
                "type": "MultiLineString",
                "coordinates": [
                    [
                        [
                            2.327,
                            0.317
                        ],
                        [
                            2.426,
                            0.319
                        ]
                    ]
                ]
            }
        },
        {
            "type": "Feature",
            "properties": {
                "id": 350,
                "startid": 175,
                "endid": 176,
                "weight": 1.0
            },
            "geometry": {
                "type": "MultiLineString",
                "coordinates": [
                    [
                        [
                            2.327,
                            0.317
                        ],
                        [
                            2.228,
                            0.315
                        ]
                    ]
                ]
            }
        },
        {
            "type": "Feature",
            "properties": {
                "id": 351,
                "startid": 176,
                "endid": 175,
                "weight": 1.0
            },
            "geometry": {
                "type": "MultiLineString",
                "coordinates": [
                    [
                        [
                            2.228,
                            0.315
                        ],
                        [
                            2.327,
                            0.317
                        ]
                    ]
                ]
            }
        },
        {
            "type": "Feature",
            "properties": {
                "id": 352,
                "startid": 176,
                "endid": 177,
                "weight": 1.0
            },
            "geometry": {
                "type": "MultiLineString",
                "coordinates": [
                    [
                        [
                            2.228,
                            0.315
                        ],
                        [
                            2.129,
                            0.313
                        ]
                    ]
                ]
            }
        },
        {
            "type": "Feature",
            "properties": {
                "id": 353,
                "startid": 177,
                "endid": 176,
                "weight": 1.0
            },
            "geometry": {
                "type": "MultiLineString",
                "coordinates": [
                    [
                        [
                            2.129,
                            0.313
                        ],
                        [
                            2.228,
                            0.315
                        ]
                    ]
                ]
            }
        },
        {
            "type": "Feature",
            "properties": {
                "id": 354,
                "startid": 177,
                "endid": 178,
                "weight": 1.0
            },
            "geometry": {
                "type": "MultiLineString",
                "coordinates": [
                    [
                        [
                            2.129,
                            0.313
                        ],
                        [
                            2.03,
                            0.311
                        ]
                    ]
                ]
            }
        },
        {
            "type": "Feature",
            "properties": {
                "id": 355,
                "startid": 178,
                "endid": 177,
                "weight": 1.0
            },
            "geometry": {
                "type": "MultiLineString",
                "coordinates": [
                    [
                        [
                            2.03,
                            0.311
                        ],
                        [
                            2.129,
                            0.313
                        ]
                    ]
                ]
            }
        },
        {
            "type": "Feature",
            "properties": {
                "id": 356,
                "startid": 178,
                "endid": 179,
                "weight": 1.0
            },
            "geometry": {
                "type": "MultiLineString",
                "coordinates": [
                    [
                        [
                            2.03,
                            0.311
                        ],
                        [
                            1.931,
                            0.309
                        ]
                    ]
                ]
            }
        },
        {
            "type": "Feature",
            "properties": {
                "id": 357,
                "startid": 179,
                "endid": 178,
                "weight": 1.0
            },
            "geometry": {
                "type": "MultiLineString",
                "coordinates": [
                    [
                        [
                            1.931,
                            0.309
                        ],
                        [
                            2.03,
                            0.311
                        ]
                    ]
                ]
            }
        },
        {
            "type": "Feature",
            "properties": {
                "id": 358,
                "startid": 179,
                "endid": 180,
                "weight": 1.0
            },
            "geometry": {
                "type": "MultiLineString",
                "coordinates": [
                    [
                        [
                            1.931,
                            0.309
                        ],
                        [
                            1.832,
                            0.307
                        ]
                    ]
                ]
            }
        },
        {
            "type": "Feature",
            "properties": {
                "id": 359,
                "startid": 180,
                "endid": 179,
                "weight": 1.0
            },
            "geometry": {
                "type": "MultiLineString",
                "coordinates": [
                    [
                        [
                            1.832,
                            0.307
                        ],
                        [
                            1.931,
                            0.309
                        ]
                    ]
                ]
            }
        },
        {
            "type": "Feature",
            "properties": {
                "id": 360,
                "startid": 180,
                "endid": 181,
                "weight": 1.0
            },
            "geometry": {
                "type": "MultiLineString",
                "coordinates": [
                    [
                        [
                            1.832,
                            0.307
                        ],
                        [
                            1.733,
                            0.305
                        ]
                    ]
                ]
            }
        },
        {
            "type": "Feature",
            "properties": {
                "id": 361,
                "startid": 181,
                "endid": 180,
                "weight": 1.0
            },
            "geometry": {
                "type": "MultiLineString",
                "coordinates": [
                    [
                        [
                            1.733,
                            0.305
                        ],
                        [
                            1.832,
                            0.307
                        ]
                    ]
                ]
            }
        },
        {
            "type": "Feature",
            "properties": {
                "id": 362,
                "startid": 181,
                "endid": 182,
                "weight": 1.0
            },
            "geometry": {
                "type": "MultiLineString",
                "coordinates": [
                    [
                        [
                            1.733,
                            0.305
                        ],
                        [
                            1.634,
                            0.303
                        ]
                    ]
                ]
            }
        },
        {
            "type": "Feature",
            "properties": {
                "id": 363,
                "startid": 182,
                "endid": 181,
                "weight": 1.0
            },
            "geometry": {
                "type": "MultiLineString",
                "coordinates": [
                    [
                        [
                            1.634,
                            0.303
                        ],
                        [
                            1.733,
                            0.305
                        ]
                    ]
                ]
            }
        },
        {
            "type": "Feature",
            "properties": {
                "id": 364,
                "startid": 182,
                "endid": 183,
                "weight": 1.0
            },
            "geometry": {
                "type": "MultiLineString",
                "coordinates": [
                    [
                        [
                            1.634,
                            0.303
                        ],
                        [
                            1.535,
                            0.301
                        ]
                    ]
                ]
            }
        },
        {
            "type": "Feature",
            "properties": {
                "id": 365,
                "startid": 183,
                "endid": 182,
                "weight": 1.0
            },
            "geometry": {
                "type": "MultiLineString",
                "coordinates": [
                    [
                        [
                            1.535,
                            0.301
                        ],
                        [
                            1.634,
                            0.303
                        ]
                    ]
                ]
            }
        },
        {
            "type": "Feature",
            "properties": {
                "id": 366,
                "startid": 183,
                "endid": 184,
                "weight": 1.0
            },
            "geometry": {
                "type": "MultiLineString",
                "coordinates": [
                    [
                        [
                            1.535,
                            0.301
                        ],
                        [
                            1.437,
                            0.299
                        ]
                    ]
                ]
            }
        },
        {
            "type": "Feature",
            "properties": {
                "id": 367,
                "startid": 184,
                "endid": 183,
                "weight": 1.0
            },
            "geometry": {
                "type": "MultiLineString",
                "coordinates": [
                    [
                        [
                            1.437,
                            0.299
                        ],
                        [
                            1.535,
                            0.301
                        ]
                    ]
                ]
            }
        },
        {
            "type": "Feature",
            "properties": {
                "id": 368,
                "startid": 184,
                "endid": 185,
                "weight": 1.0
            },
            "geometry": {
                "type": "MultiLineString",
                "coordinates": [
                    [
                        [
                            1.437,
                            0.299
                        ],
                        [
                            1.338,
                            0.297
                        ]
                    ]
                ]
            }
        },
        {
            "type": "Feature",
            "properties": {
                "id": 369,
                "startid": 185,
                "endid": 184,
                "weight": 1.0
            },
            "geometry": {
                "type": "MultiLineString",
                "coordinates": [
                    [
                        [
                            1.338,
                            0.297
                        ],
                        [
                            1.437,
                            0.299
                        ]
                    ]
                ]
            }
        },
        {
            "type": "Feature",
            "properties": {
                "id": 370,
                "startid": 185,
                "endid": 186,
                "weight": 1.0
            },
            "geometry": {
                "type": "MultiLineString",
                "coordinates": [
                    [
                        [
                            1.338,
                            0.297
                        ],
                        [
                            1.239,
                            0.295
                        ]
                    ]
                ]
            }
        },
        {
            "type": "Feature",
            "properties": {
                "id": 371,
                "startid": 186,
                "endid": 185,
                "weight": 1.0
            },
            "geometry": {
                "type": "MultiLineString",
                "coordinates": [
                    [
                        [
                            1.239,
                            0.295
                        ],
                        [
                            1.338,
                            0.297
                        ]
                    ]
                ]
            }
        },
        {
            "type": "Feature",
            "properties": {
                "id": 372,
                "startid": 186,
                "endid": 187,
                "weight": 1.0
            },
            "geometry": {
                "type": "MultiLineString",
                "coordinates": [
                    [
                        [
                            1.239,
                            0.295
                        ],
                        [
                            1.14,
                            0.293
                        ]
                    ]
                ]
            }
        },
        {
            "type": "Feature",
            "properties": {
                "id": 373,
                "startid": 187,
                "endid": 186,
                "weight": 1.0
            },
            "geometry": {
                "type": "MultiLineString",
                "coordinates": [
                    [
                        [
                            1.14,
                            0.293
                        ],
                        [
                            1.239,
                            0.295
                        ]
                    ]
                ]
            }
        },
        {
            "type": "Feature",
            "properties": {
                "id": 374,
                "startid": 187,
                "endid": 188,
                "weight": 1.0
            },
            "geometry": {
                "type": "MultiLineString",
                "coordinates": [
                    [
                        [
                            1.14,
                            0.293
                        ],
                        [
                            1.041,
                            0.291
                        ]
                    ]
                ]
            }
        },
        {
            "type": "Feature",
            "properties": {
                "id": 375,
                "startid": 188,
                "endid": 187,
                "weight": 1.0
            },
            "geometry": {
                "type": "MultiLineString",
                "coordinates": [
                    [
                        [
                            1.041,
                            0.291
                        ],
                        [
                            1.14,
                            0.293
                        ]
                    ]
                ]
            }
        },
        {
            "type": "Feature",
            "properties": {
                "id": 376,
                "startid": 188,
                "endid": 189,
                "weight": 1.0
            },
            "geometry": {
                "type": "MultiLineString",
                "coordinates": [
                    [
                        [
                            1.041,
                            0.291
                        ],
                        [
                            0.942,
                            0.289
                        ]
                    ]
                ]
            }
        },
        {
            "type": "Feature",
            "properties": {
                "id": 377,
                "startid": 189,
                "endid": 188,
                "weight": 1.0
            },
            "geometry": {
                "type": "MultiLineString",
                "coordinates": [
                    [
                        [
                            0.942,
                            0.289
                        ],
                        [
                            1.041,
                            0.291
                        ]
                    ]
                ]
            }
        },
        {
            "type": "Feature",
            "properties": {
                "id": 378,
                "startid": 189,
                "endid": 190,
                "weight": 1.0
            },
            "geometry": {
                "type": "MultiLineString",
                "coordinates": [
                    [
                        [
                            0.942,
                            0.289
                        ],
                        [
                            0.843,
                            0.287
                        ]
                    ]
                ]
            }
        },
        {
            "type": "Feature",
            "properties": {
                "id": 379,
                "startid": 190,
                "endid": 189,
                "weight": 1.0
            },
            "geometry": {
                "type": "MultiLineString",
                "coordinates": [
                    [
                        [
                            0.843,
                            0.287
                        ],
                        [
                            0.942,
                            0.289
                        ]
                    ]
                ]
            }
        },
        {
            "type": "Feature",
            "properties": {
                "id": 380,
                "startid": 190,
                "endid": 191,
                "weight": 1.0
            },
            "geometry": {
                "type": "MultiLineString",
                "coordinates": [
                    [
                        [
                            0.843,
                            0.287
                        ],
                        [
                            0.744,
                            0.285
                        ]
                    ]
                ]
            }
        },
        {
            "type": "Feature",
            "properties": {
                "id": 381,
                "startid": 191,
                "endid": 190,
                "weight": 1.0
            },
            "geometry": {
                "type": "MultiLineString",
                "coordinates": [
                    [
                        [
                            0.744,
                            0.285
                        ],
                        [
                            0.843,
                            0.287
                        ]
                    ]
                ]
            }
        },
        {
            "type": "Feature",
            "properties": {
                "id": 382,
                "startid": 191,
                "endid": 192,
                "weight": 1.0
            },
            "geometry": {
                "type": "MultiLineString",
                "coordinates": [
                    [
                        [
                            0.744,
                            0.285
                        ],
                        [
                            0.645,
                            0.283
                        ]
                    ]
                ]
            }
        },
        {
            "type": "Feature",
            "properties": {
                "id": 383,
                "startid": 192,
                "endid": 191,
                "weight": 1.0
            },
            "geometry": {
                "type": "MultiLineString",
                "coordinates": [
                    [
                        [
                            0.645,
                            0.283
                        ],
                        [
                            0.744,
                            0.285
                        ]
                    ]
                ]
            }
        },
        {
            "type": "Feature",
            "properties": {
                "id": 384,
                "startid": 192,
                "endid": 193,
                "weight": 1.0
            },
            "geometry": {
                "type": "MultiLineString",
                "coordinates": [
                    [
                        [
                            0.645,
                            0.283
                        ],
                        [
                            0.546,
                            0.281
                        ]
                    ]
                ]
            }
        },
        {
            "type": "Feature",
            "properties": {
                "id": 385,
                "startid": 193,
                "endid": 192,
                "weight": 1.0
            },
            "geometry": {
                "type": "MultiLineString",
                "coordinates": [
                    [
                        [
                            0.546,
                            0.281
                        ],
                        [
                            0.645,
                            0.283
                        ]
                    ]
                ]
            }
        },
        {
            "type": "Feature",
            "properties": {
                "id": 386,
                "startid": 193,
                "endid": 194,
                "weight": 1.0
            },
            "geometry": {
                "type": "MultiLineString",
                "coordinates": [
                    [
                        [
                            0.546,
                            0.281
                        ],
                        [
                            0.447,
                            0.279
                        ]
                    ]
                ]
            }
        },
        {
            "type": "Feature",
            "properties": {
                "id": 387,
                "startid": 194,
                "endid": 193,
                "weight": 1.0
            },
            "geometry": {
                "type": "MultiLineString",
                "coordinates": [
                    [
                        [
                            0.447,
                            0.279
                        ],
                        [
                            0.546,
                            0.281
                        ]
                    ]
                ]
            }
        },
        {
            "type": "Feature",
            "properties": {
                "id": 388,
                "startid": 194,
                "endid": 195,
                "weight": 1.0
            },
            "geometry": {
                "type": "MultiLineString",
                "coordinates": [
                    [
                        [
                            0.447,
                            0.279
                        ],
                        [
                            0.348,
                            0.277
                        ]
                    ]
                ]
            }
        },
        {
            "type": "Feature",
            "properties": {
                "id": 389,
                "startid": 195,
                "endid": 194,
                "weight": 1.0
            },
            "geometry": {
                "type": "MultiLineString",
                "coordinates": [
                    [
                        [
                            0.348,
                            0.277
                        ],
                        [
                            0.447,
                            0.279
                        ]
                    ]
                ]
            }
        },
        {
            "type": "Feature",
            "properties": {
                "id": 390,
                "startid": 195,
                "endid": 196,
                "weight": 1.0
            },
            "geometry": {
                "type": "MultiLineString",
                "coordinates": [
                    [
                        [
                            0.348,
                            0.277
                        ],
                        [
                            0.249,
                            0.275
                        ]
                    ]
                ]
            }
        },
        {
            "type": "Feature",
            "properties": {
                "id": 391,
                "startid": 196,
                "endid": 195,
                "weight": 1.0
            },
            "geometry": {
                "type": "MultiLineString",
                "coordinates": [
                    [
                        [
                            0.249,
                            0.275
                        ],
                        [
                            0.348,
                            0.277
                        ]
                    ]
                ]
            }
        },
        {
            "type": "Feature",
            "properties": {
                "id": 392,
                "startid": 196,
                "endid": 197,
                "weight": 1.0
            },
            "geometry": {
                "type": "MultiLineString",
                "coordinates": [
                    [
                        [
                            0.249,
                            0.275
                        ],
                        [
                            0.15,
                            0.273
                        ]
                    ]
                ]
            }
        },
        {
            "type": "Feature",
            "properties": {
                "id": 393,
                "startid": 197,
                "endid": 196,
                "weight": 1.0
            },
            "geometry": {
                "type": "MultiLineString",
                "coordinates": [
                    [
                        [
                            0.15,
                            0.273
                        ],
                        [
                            0.249,
                            0.275
                        ]
                    ]
                ]
            }
        },
        {
            "type": "Feature",
            "properties": {
                "id": 394,
                "startid": 197,
                "endid": 198,
                "weight": 1.0
            },
            "geometry": {
                "type": "MultiLineString",
                "coordinates": [
                    [
                        [
                            0.15,
                            0.273
                        ],
                        [
                            0.051,
                            0.271
                        ]
                    ]
                ]
            }
        },
        {
            "type": "Feature",
            "properties": {
                "id": 395,
                "startid": 198,
                "endid": 197,
                "weight": 1.0
            },
            "geometry": {
                "type": "MultiLineString",
                "coordinates": [
                    [
                        [
                            0.051,
                            0.271
                        ],
                        [
                            0.15,
                            0.273
                        ]
                    ]
                ]
            }
        },
        {
            "type": "Feature",
            "properties": {
                "id": 396,
                "startid": 198,
                "endid": 199,
                "weight": 1.0
            },
            "geometry": {
                "type": "MultiLineString",
                "coordinates": [
                    [
                        [
                            0.051,
                            0.271
                        ],
                        [
                            -0.047,
                            0.269
                        ]
                    ]
                ]
            }
        },
        {
            "type": "Feature",
            "properties": {
                "id": 397,
                "startid": 199,
                "endid": 198,
                "weight": 1.0
            },
            "geometry": {
                "type": "MultiLineString",
                "coordinates": [
                    [
                        [
                            -0.047,
                            0.269
                        ],
                        [
                            0.051,
                            0.271
                        ]
                    ]
                ]
            }
        },
        {
            "type": "Feature",
            "properties": {
                "id": 398,
                "startid": 199,
                "endid": 200,
                "weight": 1.0
            },
            "geometry": {
                "type": "MultiLineString",
                "coordinates": [
                    [
                        [
                            -0.047,
                            0.269
                        ],
                        [
                            -0.046,
                            0.169
                        ]
                    ]
                ]
            }
        },
        {
            "type": "Feature",
            "properties": {
                "id": 399,
                "startid": 200,
                "endid": 199,
                "weight": 1.0
            },
            "geometry": {
                "type": "MultiLineString",
                "coordinates": [
                    [
                        [
                            -0.046,
                            0.169
                        ],
                        [
                            -0.047,
                            0.269
                        ]
                    ]
                ]
            }
        },
        {
            "type": "Feature",
            "properties": {
                "id": 400,
                "startid": 200,
                "endid": 201,
                "weight": 1.0
            },
            "geometry": {
                "type": "MultiLineString",
                "coordinates": [
                    [
                        [
                            -0.046,
                            0.169
                        ],
                        [
                            -0.044,
                            0.069
                        ]
                    ]
                ]
            }
        },
        {
            "type": "Feature",
            "properties": {
                "id": 401,
                "startid": 201,
                "endid": 200,
                "weight": 1.0
            },
            "geometry": {
                "type": "MultiLineString",
                "coordinates": [
                    [
                        [
                            -0.044,
                            0.069
                        ],
                        [
                            -0.046,
                            0.169
                        ]
                    ]
                ]
            }
        },
        {
            "type": "Feature",
            "properties": {
                "id": 402,
                "startid": 201,
                "endid": 202,
                "weight": 1.0
            },
            "geometry": {
                "type": "MultiLineString",
                "coordinates": [
                    [
                        [
                            -0.044,
                            0.069
                        ],
                        [
                            -0.043,
                            -0.03
                        ]
                    ]
                ]
            }
        },
        {
            "type": "Feature",
            "properties": {
                "id": 403,
                "startid": 202,
                "endid": 201,
                "weight": 1.0
            },
            "geometry": {
                "type": "MultiLineString",
                "coordinates": [
                    [
                        [
                            -0.043,
                            -0.03
                        ],
                        [
                            -0.044,
                            0.069
                        ]
                    ]
                ]
            }
        },
        {
            "type": "Feature",
            "properties": {
                "id": 404,
                "startid": 202,
                "endid": 203,
                "weight": 1.0
            },
            "geometry": {
                "type": "MultiLineString",
                "coordinates": [
                    [
                        [
                            -0.043,
                            -0.03
                        ],
                        [
                            -0.041,
                            -0.13
                        ]
                    ]
                ]
            }
        },
        {
            "type": "Feature",
            "properties": {
                "id": 405,
                "startid": 203,
                "endid": 202,
                "weight": 1.0
            },
            "geometry": {
                "type": "MultiLineString",
                "coordinates": [
                    [
                        [
                            -0.041,
                            -0.13
                        ],
                        [
                            -0.043,
                            -0.03
                        ]
                    ]
                ]
            }
        },
        {
            "type": "Feature",
            "properties": {
                "id": 406,
                "startid": 203,
                "endid": 204,
                "weight": 1.0
            },
            "geometry": {
                "type": "MultiLineString",
                "coordinates": [
                    [
                        [
                            -0.041,
                            -0.13
                        ],
                        [
                            -0.04,
                            -0.229
                        ]
                    ]
                ]
            }
        },
        {
            "type": "Feature",
            "properties": {
                "id": 407,
                "startid": 204,
                "endid": 203,
                "weight": 1.0
            },
            "geometry": {
                "type": "MultiLineString",
                "coordinates": [
                    [
                        [
                            -0.04,
                            -0.229
                        ],
                        [
                            -0.041,
                            -0.13
                        ]
                    ]
                ]
            }
        },
        {
            "type": "Feature",
            "properties": {
                "id": 408,
                "startid": 204,
                "endid": 205,
                "weight": 1.0
            },
            "geometry": {
                "type": "MultiLineString",
                "coordinates": [
                    [
                        [
                            -0.04,
                            -0.229
                        ],
                        [
                            -0.038,
                            -0.329
                        ]
                    ]
                ]
            }
        },
        {
            "type": "Feature",
            "properties": {
                "id": 409,
                "startid": 205,
                "endid": 204,
                "weight": 1.0
            },
            "geometry": {
                "type": "MultiLineString",
                "coordinates": [
                    [
                        [
                            -0.038,
                            -0.329
                        ],
                        [
                            -0.04,
                            -0.229
                        ]
                    ]
                ]
            }
        },
        {
            "type": "Feature",
            "properties": {
                "id": 410,
                "startid": 205,
                "endid": 206,
                "weight": 1.0
            },
            "geometry": {
                "type": "MultiLineString",
                "coordinates": [
                    [
                        [
                            -0.038,
                            -0.329
                        ],
                        [
                            -0.037,
                            -0.429
                        ]
                    ]
                ]
            }
        },
        {
            "type": "Feature",
            "properties": {
                "id": 411,
                "startid": 206,
                "endid": 205,
                "weight": 1.0
            },
            "geometry": {
                "type": "MultiLineString",
                "coordinates": [
                    [
                        [
                            -0.037,
                            -0.429
                        ],
                        [
                            -0.038,
                            -0.329
                        ]
                    ]
                ]
            }
        },
        {
            "type": "Feature",
            "properties": {
                "id": 412,
                "startid": 206,
                "endid": 207,
                "weight": 1.0
            },
            "geometry": {
                "type": "MultiLineString",
                "coordinates": [
                    [
                        [
                            -0.037,
                            -0.429
                        ],
                        [
                            -0.035,
                            -0.529
                        ]
                    ]
                ]
            }
        },
        {
            "type": "Feature",
            "properties": {
                "id": 413,
                "startid": 207,
                "endid": 206,
                "weight": 1.0
            },
            "geometry": {
                "type": "MultiLineString",
                "coordinates": [
                    [
                        [
                            -0.035,
                            -0.529
                        ],
                        [
                            -0.037,
                            -0.429
                        ]
                    ]
                ]
            }
        },
        {
            "type": "Feature",
            "properties": {
                "id": 414,
                "startid": 207,
                "endid": 208,
                "weight": 1.0
            },
            "geometry": {
                "type": "MultiLineString",
                "coordinates": [
                    [
                        [
                            -0.035,
                            -0.529
                        ],
                        [
                            -0.034,
                            -0.629
                        ]
                    ]
                ]
            }
        },
        {
            "type": "Feature",
            "properties": {
                "id": 415,
                "startid": 208,
                "endid": 207,
                "weight": 1.0
            },
            "geometry": {
                "type": "MultiLineString",
                "coordinates": [
                    [
                        [
                            -0.034,
                            -0.629
                        ],
                        [
                            -0.035,
                            -0.529
                        ]
                    ]
                ]
            }
        },
        {
            "type": "Feature",
            "properties": {
                "id": 416,
                "startid": 208,
                "endid": 209,
                "weight": 1.0
            },
            "geometry": {
                "type": "MultiLineString",
                "coordinates": [
                    [
                        [
                            -0.034,
                            -0.629
                        ],
                        [
                            -0.033,
                            -0.729
                        ]
                    ]
                ]
            }
        },
        {
            "type": "Feature",
            "properties": {
                "id": 417,
                "startid": 209,
                "endid": 208,
                "weight": 1.0
            },
            "geometry": {
                "type": "MultiLineString",
                "coordinates": [
                    [
                        [
                            -0.033,
                            -0.729
                        ],
                        [
                            -0.034,
                            -0.629
                        ]
                    ]
                ]
            }
        },
        {
            "type": "Feature",
            "properties": {
                "id": 418,
                "startid": 209,
                "endid": 210,
                "weight": 1.0
            },
            "geometry": {
                "type": "MultiLineString",
                "coordinates": [
                    [
                        [
                            -0.033,
                            -0.729
                        ],
                        [
                            -0.031,
                            -0.829
                        ]
                    ]
                ]
            }
        },
        {
            "type": "Feature",
            "properties": {
                "id": 419,
                "startid": 210,
                "endid": 209,
                "weight": 1.0
            },
            "geometry": {
                "type": "MultiLineString",
                "coordinates": [
                    [
                        [
                            -0.031,
                            -0.829
                        ],
                        [
                            -0.033,
                            -0.729
                        ]
                    ]
                ]
            }
        },
        {
            "type": "Feature",
            "properties": {
                "id": 420,
                "startid": 210,
                "endid": 211,
                "weight": 1.0
            },
            "geometry": {
                "type": "MultiLineString",
                "coordinates": [
                    [
                        [
                            -0.031,
                            -0.829
                        ],
                        [
                            -0.03,
                            -0.929
                        ]
                    ]
                ]
            }
        },
        {
            "type": "Feature",
            "properties": {
                "id": 421,
                "startid": 211,
                "endid": 210,
                "weight": 1.0
            },
            "geometry": {
                "type": "MultiLineString",
                "coordinates": [
                    [
                        [
                            -0.03,
                            -0.929
                        ],
                        [
                            -0.031,
                            -0.829
                        ]
                    ]
                ]
            }
        },
        {
            "type": "Feature",
            "properties": {
                "id": 422,
                "startid": 211,
                "endid": 212,
                "weight": 1.0
            },
            "geometry": {
                "type": "MultiLineString",
                "coordinates": [
                    [
                        [
                            -0.03,
                            -0.929
                        ],
                        [
                            -0.028,
                            -1.029
                        ]
                    ]
                ]
            }
        },
        {
            "type": "Feature",
            "properties": {
                "id": 423,
                "startid": 212,
                "endid": 211,
                "weight": 1.0
            },
            "geometry": {
                "type": "MultiLineString",
                "coordinates": [
                    [
                        [
                            -0.028,
                            -1.029
                        ],
                        [
                            -0.03,
                            -0.929
                        ]
                    ]
                ]
            }
        },
        {
            "type": "Feature",
            "properties": {
                "id": 424,
                "startid": 212,
                "endid": 213,
                "weight": 1.0
            },
            "geometry": {
                "type": "MultiLineString",
                "coordinates": [
                    [
                        [
                            -0.028,
                            -1.029
                        ],
                        [
                            -0.027,
                            -1.128
                        ]
                    ]
                ]
            }
        },
        {
            "type": "Feature",
            "properties": {
                "id": 425,
                "startid": 213,
                "endid": 212,
                "weight": 1.0
            },
            "geometry": {
                "type": "MultiLineString",
                "coordinates": [
                    [
                        [
                            -0.027,
                            -1.128
                        ],
                        [
                            -0.028,
                            -1.029
                        ]
                    ]
                ]
            }
        },
        {
            "type": "Feature",
            "properties": {
                "id": 426,
                "startid": 213,
                "endid": 214,
                "weight": 1.0
            },
            "geometry": {
                "type": "MultiLineString",
                "coordinates": [
                    [
                        [
                            -0.027,
                            -1.128
                        ],
                        [
                            -0.025,
                            -1.228
                        ]
                    ]
                ]
            }
        },
        {
            "type": "Feature",
            "properties": {
                "id": 427,
                "startid": 214,
                "endid": 213,
                "weight": 1.0
            },
            "geometry": {
                "type": "MultiLineString",
                "coordinates": [
                    [
                        [
                            -0.025,
                            -1.228
                        ],
                        [
                            -0.027,
                            -1.128
                        ]
                    ]
                ]
            }
        },
        {
            "type": "Feature",
            "properties": {
                "id": 428,
                "startid": 214,
                "endid": 215,
                "weight": 1.0
            },
            "geometry": {
                "type": "MultiLineString",
                "coordinates": [
                    [
                        [
                            -0.025,
                            -1.228
                        ],
                        [
                            -0.024,
                            -1.328
                        ]
                    ]
                ]
            }
        },
        {
            "type": "Feature",
            "properties": {
                "id": 429,
                "startid": 215,
                "endid": 214,
                "weight": 1.0
            },
            "geometry": {
                "type": "MultiLineString",
                "coordinates": [
                    [
                        [
                            -0.024,
                            -1.328
                        ],
                        [
                            -0.025,
                            -1.228
                        ]
                    ]
                ]
            }
        },
        {
            "type": "Feature",
            "properties": {
                "id": 430,
                "startid": 215,
                "endid": 216,
                "weight": 1.0
            },
            "geometry": {
                "type": "MultiLineString",
                "coordinates": [
                    [
                        [
                            -0.024,
                            -1.328
                        ],
                        [
                            -0.022,
                            -1.428
                        ]
                    ]
                ]
            }
        },
        {
            "type": "Feature",
            "properties": {
                "id": 431,
                "startid": 216,
                "endid": 215,
                "weight": 1.0
            },
            "geometry": {
                "type": "MultiLineString",
                "coordinates": [
                    [
                        [
                            -0.022,
                            -1.428
                        ],
                        [
                            -0.024,
                            -1.328
                        ]
                    ]
                ]
            }
        },
        {
            "type": "Feature",
            "properties": {
                "id": 432,
                "startid": 216,
                "endid": 217,
                "weight": 1.0
            },
            "geometry": {
                "type": "MultiLineString",
                "coordinates": [
                    [
                        [
                            -0.022,
                            -1.428
                        ],
                        [
                            -0.021,
                            -1.528
                        ]
                    ]
                ]
            }
        },
        {
            "type": "Feature",
            "properties": {
                "id": 433,
                "startid": 217,
                "endid": 216,
                "weight": 1.0
            },
            "geometry": {
                "type": "MultiLineString",
                "coordinates": [
                    [
                        [
                            -0.021,
                            -1.528
                        ],
                        [
                            -0.022,
                            -1.428
                        ]
                    ]
                ]
            }
        },
        {
            "type": "Feature",
            "properties": {
                "id": 434,
                "startid": 217,
                "endid": 218,
                "weight": 1.0
            },
            "geometry": {
                "type": "MultiLineString",
                "coordinates": [
                    [
                        [
                            -0.021,
                            -1.528
                        ],
                        [
                            -0.019,
                            -1.628
                        ]
                    ]
                ]
            }
        },
        {
            "type": "Feature",
            "properties": {
                "id": 435,
                "startid": 218,
                "endid": 217,
                "weight": 1.0
            },
            "geometry": {
                "type": "MultiLineString",
                "coordinates": [
                    [
                        [
                            -0.019,
                            -1.628
                        ],
                        [
                            -0.021,
                            -1.528
                        ]
                    ]
                ]
            }
        },
        {
            "type": "Feature",
            "properties": {
                "id": 436,
                "startid": 218,
                "endid": 219,
                "weight": 1.0
            },
            "geometry": {
                "type": "MultiLineString",
                "coordinates": [
                    [
                        [
                            -0.019,
                            -1.628
                        ],
                        [
                            -0.018,
                            -1.728
                        ]
                    ]
                ]
            }
        },
        {
            "type": "Feature",
            "properties": {
                "id": 437,
                "startid": 219,
                "endid": 218,
                "weight": 1.0
            },
            "geometry": {
                "type": "MultiLineString",
                "coordinates": [
                    [
                        [
                            -0.018,
                            -1.728
                        ],
                        [
                            -0.019,
                            -1.628
                        ]
                    ]
                ]
            }
        },
        {
            "type": "Feature",
            "properties": {
                "id": 438,
                "startid": 219,
                "endid": 220,
                "weight": 1.0
            },
            "geometry": {
                "type": "MultiLineString",
                "coordinates": [
                    [
                        [
                            -0.018,
                            -1.728
                        ],
                        [
                            -0.016,
                            -1.828
                        ]
                    ]
                ]
            }
        },
        {
            "type": "Feature",
            "properties": {
                "id": 439,
                "startid": 220,
                "endid": 219,
                "weight": 1.0
            },
            "geometry": {
                "type": "MultiLineString",
                "coordinates": [
                    [
                        [
                            -0.016,
                            -1.828
                        ],
                        [
                            -0.018,
                            -1.728
                        ]
                    ]
                ]
            }
        },
        {
            "type": "Feature",
            "properties": {
                "id": 440,
                "startid": 220,
                "endid": 221,
                "weight": 1.0
            },
            "geometry": {
                "type": "MultiLineString",
                "coordinates": [
                    [
                        [
                            -0.016,
                            -1.828
                        ],
                        [
                            -0.015,
                            -1.928
                        ]
                    ]
                ]
            }
        },
        {
            "type": "Feature",
            "properties": {
                "id": 441,
                "startid": 221,
                "endid": 220,
                "weight": 1.0
            },
            "geometry": {
                "type": "MultiLineString",
                "coordinates": [
                    [
                        [
                            -0.015,
                            -1.928
                        ],
                        [
                            -0.016,
                            -1.828
                        ]
                    ]
                ]
            }
        },
        {
            "type": "Feature",
            "properties": {
                "id": 442,
                "startid": 221,
                "endid": 222,
                "weight": 1.0
            },
            "geometry": {
                "type": "MultiLineString",
                "coordinates": [
                    [
                        [
                            -0.015,
                            -1.928
                        ],
                        [
                            -0.013,
                            -2.028
                        ]
                    ]
                ]
            }
        },
        {
            "type": "Feature",
            "properties": {
                "id": 443,
                "startid": 222,
                "endid": 221,
                "weight": 1.0
            },
            "geometry": {
                "type": "MultiLineString",
                "coordinates": [
                    [
                        [
                            -0.013,
                            -2.028
                        ],
                        [
                            -0.015,
                            -1.928
                        ]
                    ]
                ]
            }
        },
        {
            "type": "Feature",
            "properties": {
                "id": 444,
                "startid": 222,
                "endid": 223,
                "weight": 1.0
            },
            "geometry": {
                "type": "MultiLineString",
                "coordinates": [
                    [
                        [
                            -0.013,
                            -2.028
                        ],
                        [
                            -0.012,
                            -2.127
                        ]
                    ]
                ]
            }
        },
        {
            "type": "Feature",
            "properties": {
                "id": 445,
                "startid": 223,
                "endid": 222,
                "weight": 1.0
            },
            "geometry": {
                "type": "MultiLineString",
                "coordinates": [
                    [
                        [
                            -0.012,
                            -2.127
                        ],
                        [
                            -0.013,
                            -2.028
                        ]
                    ]
                ]
            }
        },
        {
            "type": "Feature",
            "properties": {
                "id": 446,
                "startid": 223,
                "endid": 224,
                "weight": 1.0
            },
            "geometry": {
                "type": "MultiLineString",
                "coordinates": [
                    [
                        [
                            -0.012,
                            -2.127
                        ],
                        [
                            -0.011,
                            -2.227
                        ]
                    ]
                ]
            }
        },
        {
            "type": "Feature",
            "properties": {
                "id": 447,
                "startid": 224,
                "endid": 223,
                "weight": 1.0
            },
            "geometry": {
                "type": "MultiLineString",
                "coordinates": [
                    [
                        [
                            -0.011,
                            -2.227
                        ],
                        [
                            -0.012,
                            -2.127
                        ]
                    ]
                ]
            }
        },
        {
            "type": "Feature",
            "properties": {
                "id": 448,
                "startid": 224,
                "endid": 225,
                "weight": 1.0
            },
            "geometry": {
                "type": "MultiLineString",
                "coordinates": [
                    [
                        [
                            -0.011,
                            -2.227
                        ],
                        [
                            -0.009,
                            -2.327
                        ]
                    ]
                ]
            }
        },
        {
            "type": "Feature",
            "properties": {
                "id": 449,
                "startid": 225,
                "endid": 224,
                "weight": 1.0
            },
            "geometry": {
                "type": "MultiLineString",
                "coordinates": [
                    [
                        [
                            -0.009,
                            -2.327
                        ],
                        [
                            -0.011,
                            -2.227
                        ]
                    ]
                ]
            }
        },
        {
            "type": "Feature",
            "properties": {
                "id": 450,
                "startid": 225,
                "endid": 226,
                "weight": 1.0
            },
            "geometry": {
                "type": "MultiLineString",
                "coordinates": [
                    [
                        [
                            -0.009,
                            -2.327
                        ],
                        [
                            -0.008,
                            -2.427
                        ]
                    ]
                ]
            }
        },
        {
            "type": "Feature",
            "properties": {
                "id": 451,
                "startid": 226,
                "endid": 225,
                "weight": 1.0
            },
            "geometry": {
                "type": "MultiLineString",
                "coordinates": [
                    [
                        [
                            -0.008,
                            -2.427
                        ],
                        [
                            -0.009,
                            -2.327
                        ]
                    ]
                ]
            }
        },
        {
            "type": "Feature",
            "properties": {
                "id": 452,
                "startid": 226,
                "endid": 227,
                "weight": 1.0
            },
            "geometry": {
                "type": "MultiLineString",
                "coordinates": [
                    [
                        [
                            -0.008,
                            -2.427
                        ],
                        [
                            -0.006,
                            -2.527
                        ]
                    ]
                ]
            }
        },
        {
            "type": "Feature",
            "properties": {
                "id": 453,
                "startid": 227,
                "endid": 226,
                "weight": 1.0
            },
            "geometry": {
                "type": "MultiLineString",
                "coordinates": [
                    [
                        [
                            -0.006,
                            -2.527
                        ],
                        [
                            -0.008,
                            -2.427
                        ]
                    ]
                ]
            }
        },
        {
            "type": "Feature",
            "properties": {
                "id": 454,
                "startid": 227,
                "endid": 228,
                "weight": 1.0
            },
            "geometry": {
                "type": "MultiLineString",
                "coordinates": [
                    [
                        [
                            -0.006,
                            -2.527
                        ],
                        [
                            -0.005,
                            -2.627
                        ]
                    ]
                ]
            }
        },
        {
            "type": "Feature",
            "properties": {
                "id": 455,
                "startid": 228,
                "endid": 227,
                "weight": 1.0
            },
            "geometry": {
                "type": "MultiLineString",
                "coordinates": [
                    [
                        [
                            -0.005,
                            -2.627
                        ],
                        [
                            -0.006,
                            -2.527
                        ]
                    ]
                ]
            }
        },
        {
            "type": "Feature",
            "properties": {
                "id": 456,
                "startid": 228,
                "endid": 229,
                "weight": 1.0
            },
            "geometry": {
                "type": "MultiLineString",
                "coordinates": [
                    [
                        [
                            -0.005,
                            -2.627
                        ],
                        [
                            -0.003,
                            -2.727
                        ]
                    ]
                ]
            }
        },
        {
            "type": "Feature",
            "properties": {
                "id": 457,
                "startid": 229,
                "endid": 228,
                "weight": 1.0
            },
            "geometry": {
                "type": "MultiLineString",
                "coordinates": [
                    [
                        [
                            -0.003,
                            -2.727
                        ],
                        [
                            -0.005,
                            -2.627
                        ]
                    ]
                ]
            }
        },
        {
            "type": "Feature",
            "properties": {
                "id": 458,
                "startid": 229,
                "endid": 230,
                "weight": 1.0
            },
            "geometry": {
                "type": "MultiLineString",
                "coordinates": [
                    [
                        [
                            -0.003,
                            -2.727
                        ],
                        [
                            -0.002,
                            -2.827
                        ]
                    ]
                ]
            }
        },
        {
            "type": "Feature",
            "properties": {
                "id": 459,
                "startid": 230,
                "endid": 229,
                "weight": 1.0
            },
            "geometry": {
                "type": "MultiLineString",
                "coordinates": [
                    [
                        [
                            -0.002,
                            -2.827
                        ],
                        [
                            -0.003,
                            -2.727
                        ]
                    ]
                ]
            }
        },
        {
            "type": "Feature",
            "properties": {
                "id": 460,
                "startid": 230,
                "endid": 231,
                "weight": 1.0
            },
            "geometry": {
                "type": "MultiLineString",
                "coordinates": [
                    [
                        [
                            -0.002,
                            -2.827
                        ],
                        [
                            0.0,
                            -2.927
                        ]
                    ]
                ]
            }
        },
        {
            "type": "Feature",
            "properties": {
                "id": 461,
                "startid": 231,
                "endid": 230,
                "weight": 1.0
            },
            "geometry": {
                "type": "MultiLineString",
                "coordinates": [
                    [
                        [
                            0.0,
                            -2.927
                        ],
                        [
                            -0.002,
                            -2.827
                        ]
                    ]
                ]
            }
        },
        {
            "type": "Feature",
            "properties": {
                "id": 462,
                "startid": 231,
                "endid": 232,
                "weight": 1.0
            },
            "geometry": {
                "type": "MultiLineString",
                "coordinates": [
                    [
                        [
                            0.0,
                            -2.927
                        ],
                        [
                            0.0,
                            -3.026
                        ]
                    ]
                ]
            }
        },
        {
            "type": "Feature",
            "properties": {
                "id": 463,
                "startid": 232,
                "endid": 231,
                "weight": 1.0
            },
            "geometry": {
                "type": "MultiLineString",
                "coordinates": [
                    [
                        [
                            0.0,
                            -3.026
                        ],
                        [
                            0.0,
                            -2.927
                        ]
                    ]
                ]
            }
        }
    ]
}